order_id,product_id,category,supplier,customer_location,marketing_channel,order_date,return_status,price,quantity,delivery_time,return_probability
O10000,P549,Toys,Supplier C,Chennai,TV,2025-06-26,0,1416.16,1,7,0.568751094165969
O10006,P188,Home,Supplier A,Mumbai,Website Banner,2025-05-02,0,1335.53,2,3,0.5389713675766641
O10009,P916,Books,Supplier A,Bangalore,Social Media,2025-04-27,0,906.66,3,9,0.5244880275060069
O10010,P336,Toys,Supplier B,Mumbai,Email,2025-04-10,1,815.64,4,9,0.5310492898783115
O10013,P299,Clothing,Supplier A,Hyderabad,Website Banner,2025-06-21,0,1519.68,3,6,0.580864965855529
O10015,P332,Clothing,Supplier C,Delhi,Website Banner,2025-05-12,0,1912.51,1,6,0.5004106307422731
O10017,P598,Books,Supplier B,Chennai,Social Media,2025-04-20,0,1472.09,2,8,0.546382311761733
O10018,P445,Electronics,Supplier A,Chennai,Website Banner,2025-04-14,1,736.47,3,4,0.5780102426032626
O10020,P161,Clothing,Supplier A,Delhi,Social Media,2025-06-17,0,602.8,2,8,0.5022875811751901
O10022,P507,Toys,Supplier C,Bangalore,TV,2025-06-05,0,1078.59,2,6,0.5136328101546205
O10026,P895,Home,Supplier B,Mumbai,Social Media,2025-05-03,0,1496.18,1,8,0.5509323463840685
O10027,P166,Clothing,Supplier B,Bangalore,Email,2025-04-03,0,1416.79,3,9,0.5224741762621257
O10030,P753,Home,Supplier A,Chennai,Email,2025-06-15,1,889.29,1,4,0.5004333918640255
O10031,P817,Toys,Supplier B,Delhi,Website Banner,2025-05-19,0,599.75,3,5,0.5169985014611544
O10033,P516,Electronics,Supplier A,Mumbai,Social Media,2025-06-18,1,1295.03,2,5,0.5218344477421539
O10034,P234,Home,Supplier C,Bangalore,Website Banner,2025-06-07,0,999.83,1,6,0.5266112883734079
O10036,P105,Home,Supplier A,Chennai,Email,2025-06-25,1,286.11,4,7,0.5304804884741571
O10038,P975,Electronics,Supplier B,Chennai,TV,2025-04-14,1,1995.65,2,4,0.5573365455881615
O10039,P230,Clothing,Supplier A,Hyderabad,Social Media,2025-04-22,1,1796.5,2,3,0.5091994478104279
O10040,P766,Toys,Supplier C,Hyderabad,Social Media,2025-05-18,0,1658.79,2,5,0.511823447361353
O10041,P538,Electronics,Supplier A,Chennai,Website Banner,2025-05-15,1,873.75,2,3,0.5667032778236766
O10042,P629,Toys,Supplier A,Bangalore,Website Banner,2025-06-15,0,616.37,3,9,0.6200231706259798
O10043,P485,Clothing,Supplier B,Delhi,TV,2025-05-28,0,1522.73,1,9,0.5246545708261502
O10045,P881,Electronics,Supplier C,Hyderabad,Website Banner,2025-06-16,0,516.87,2,6,0.5155112902997989
O10046,P918,Clothing,Supplier A,Chennai,Website Banner,2025-04-28,0,1615.75,3,4,0.593850516763483
O10049,P944,Toys,Supplier C,Bangalore,TV,2025-04-09,0,1713.14,1,4,0.5013270127484231
O10050,P610,Toys,Supplier B,Mumbai,Email,2025-05-29,0,1725.75,4,8,0.5400888369025423
O10051,P835,Toys,Supplier A,Hyderabad,Social Media,2025-04-25,0,1588.83,2,2,0.5168847497664038
O10052,P400,Toys,Supplier B,Hyderabad,Social Media,2025-04-26,1,1785.59,3,9,0.5971291562068881
O10056,P155,Toys,Supplier B,Bangalore,TV,2025-04-15,0,1798.78,1,6,0.559178242664052
O10058,P931,Toys,Supplier B,Bangalore,TV,2025-04-05,0,1051.18,2,3,0.5059751466483174
O10059,P830,Clothing,Supplier B,Mumbai,Social Media,2025-06-05,0,270.34,2,9,0.5294660542263667
O10060,P538,Clothing,Supplier A,Delhi,Website Banner,2025-04-09,1,1349.38,4,5,0.5255434806869013
O10061,P681,Toys,Supplier C,Mumbai,Website Banner,2025-04-11,0,291.07,4,5,0.5172547446621623
O10062,P958,Books,Supplier B,Chennai,TV,2025-05-23,0,1867.3,3,4,0.5114424395721644
O10063,P533,Clothing,Supplier C,Hyderabad,Email,2025-05-09,0,1930.94,2,9,0.5024430251062031
O10065,P107,Toys,Supplier B,Chennai,Social Media,2025-04-23,0,1417.5,2,4,0.5603484085594601
O10068,P713,Toys,Supplier A,Delhi,Social Media,2025-06-08,0,825.12,1,9,0.543158680209262
O10073,P161,Clothing,Supplier C,Chennai,Social Media,2025-04-07,0,402.81,4,8,0.5351596535207388
O10075,P453,Clothing,Supplier B,Chennai,Social Media,2025-04-15,0,273.71,1,7,0.5436452665960474
O10077,P989,Toys,Supplier A,Bangalore,Social Media,2025-06-26,1,1795.46,1,6,0.5689029983630495
O10078,P539,Toys,Supplier C,Hyderabad,TV,2025-04-19,0,1708.17,3,6,0.5315591227583267
O10079,P452,Toys,Supplier A,Bangalore,Social Media,2025-04-09,0,1789.01,2,6,0.5709134478798655
O10081,P846,Electronics,Supplier B,Mumbai,Website Banner,2025-06-22,0,388.15,2,8,0.5629224552127353
O10085,P352,Electronics,Supplier B,Hyderabad,TV,2025-06-05,0,1953.83,4,4,0.5246392606559845
O10086,P669,Electronics,Supplier A,Mumbai,Website Banner,2025-04-25,1,283.27,3,9,0.5883827111390374
O10087,P942,Electronics,Supplier A,Bangalore,TV,2025-04-21,0,840.39,1,9,0.5671733210182489
O10088,P665,Toys,Supplier A,Delhi,Social Media,2025-05-04,0,583.21,4,6,0.5062531723486364
O10089,P163,Home,Supplier B,Chennai,TV,2025-04-27,1,1560.74,1,9,0.6088888410514506
O10090,P387,Home,Supplier A,Bangalore,Social Media,2025-05-15,1,1352.35,4,4,0.5220736941016392
O10092,P517,Home,Supplier B,Bangalore,Website Banner,2025-06-11,0,1070.34,4,2,0.5153003208356322
O10093,P965,Home,Supplier B,Bangalore,Website Banner,2025-06-17,1,1433.79,1,1,0.5047406712945666
O10095,P493,Home,Supplier A,Hyderabad,Website Banner,2025-04-11,0,236.09,2,9,0.592734552031801
O10096,P558,Books,Supplier A,Hyderabad,TV,2025-06-04,1,1802.85,3,6,0.5125416273995093
O10098,P230,Clothing,Supplier B,Delhi,Website Banner,2025-04-25,0,1661.44,1,6,0.5252511872661255
O10099,P613,Electronics,Supplier A,Hyderabad,TV,2025-04-19,0,1654.29,1,9,0.5868486292578021
O10100,P943,Toys,Supplier B,Chennai,TV,2025-05-07,0,541.73,3,3,0.53306995946014
O10101,P265,Electronics,Supplier A,Bangalore,TV,2025-06-02,0,398.31,2,9,0.5589676440250667
O10102,P729,Toys,Supplier C,Chennai,Social Media,2025-05-30,0,1498.32,4,2,0.5108909500065635
O10104,P990,Electronics,Supplier A,Hyderabad,TV,2025-05-16,0,1729.89,4,2,0.5078211705255717
O10106,P880,Home,Supplier A,Delhi,Website Banner,2025-04-15,0,1715.29,3,9,0.5888096977184244
O10107,P823,Toys,Supplier A,Chennai,TV,2025-05-01,0,738.22,2,7,0.5985114229689412
O10111,P326,Home,Supplier A,Bangalore,Email,2025-04-29,0,1507.69,4,8,0.5351239700464565
O10115,P798,Books,Supplier B,Bangalore,Website Banner,2025-05-17,1,514.3,3,9,0.5402436047826501
O10116,P823,Clothing,Supplier C,Chennai,TV,2025-06-14,0,780.07,3,7,0.5331175682855033
O10117,P816,Home,Supplier B,Bangalore,Website Banner,2025-04-10,0,1953.75,1,8,0.6039363564330636
O10118,P283,Electronics,Supplier B,Mumbai,Social Media,2025-06-06,0,1975.39,2,6,0.5368846250901366
O10119,P991,Clothing,Supplier C,Hyderabad,Website Banner,2025-04-09,0,1122.69,1,9,0.5606706014156406
O10120,P420,Clothing,Supplier B,Delhi,Website Banner,2025-06-06,1,1881.69,1,6,0.5304874374265685
O10121,P362,Toys,Supplier C,Chennai,Website Banner,2025-05-25,0,1140.92,2,7,0.5986651035636388
O10123,P439,Home,Supplier C,Bangalore,Social Media,2025-06-06,0,680.42,2,9,0.5201478180281079
O10124,P534,Electronics,Supplier C,Chennai,Email,2025-06-11,0,1873.11,2,8,0.5293985368881856
O10127,P469,Toys,Supplier B,Mumbai,Email,2025-06-29,0,1199.95,3,7,0.5128094838831085
O10132,P849,Toys,Supplier B,Chennai,Website Banner,2025-04-19,0,1317.47,3,7,0.6338952104376602
O10135,P873,Home,Supplier B,Mumbai,Website Banner,2025-06-27,1,1529.03,1,6,0.5652031835312726
O10136,P860,Toys,Supplier B,Mumbai,Social Media,2025-06-17,0,454.74,1,9,0.5567106606460869
O10137,P369,Clothing,Supplier B,Chennai,TV,2025-04-19,0,1788.45,3,9,0.6114016277143389
O10138,P562,Clothing,Supplier B,Hyderabad,Social Media,2025-06-27,1,1248.31,4,7,0.5372015027234643
O10140,P610,Electronics,Supplier C,Chennai,Social Media,2025-04-01,1,1031.47,3,6,0.5273862004425999
O10143,P760,Toys,Supplier A,Hyderabad,Email,2025-05-06,0,676.37,2,6,0.5045195582950487
O10145,P245,Toys,Supplier A,Delhi,Website Banner,2025-04-12,1,379.97,3,8,0.5630244304320787
O10148,P275,Clothing,Supplier C,Hyderabad,TV,2025-06-01,0,1450.69,4,8,0.5276125039749703
O10149,P367,Toys,Supplier B,Bangalore,TV,2025-05-25,0,1632.42,3,6,0.5596133101075302
O10152,P741,Electronics,Supplier B,Mumbai,Website Banner,2025-04-04,1,1063.13,2,7,0.5663426173394096
O10155,P193,Electronics,Supplier A,Mumbai,Social Media,2025-05-10,0,788.04,3,8,0.5496543353914
O10156,P254,Toys,Supplier B,Hyderabad,Email,2025-06-06,0,986.91,1,7,0.5085982547769052
O10157,P200,Books,Supplier A,Mumbai,Social Media,2025-06-12,0,703.04,3,9,0.5151168885810018
O10158,P795,Electronics,Supplier A,Mumbai,TV,2025-06-08,0,1247.36,2,4,0.5118649076712699
O10160,P950,Home,Supplier A,Bangalore,Website Banner,2025-04-06,0,460.24,1,2,0.5078824665533048
O10163,P398,Electronics,Supplier A,Bangalore,Website Banner,2025-04-08,0,1351.6,1,1,0.5139653126787909
O10165,P226,Clothing,Supplier B,Hyderabad,Social Media,2025-05-12,0,933.29,3,5,0.502315430414074
O10167,P735,Home,Supplier A,Bangalore,Website Banner,2025-06-28,0,397.35,2,7,0.5711951461356611
O10169,P331,Toys,Supplier C,Bangalore,Website Banner,2025-05-18,0,1871.0,4,3,0.5341793487712945
O10171,P492,Electronics,Supplier B,Chennai,Website Banner,2025-06-16,1,958.8,1,8,0.6142288204129118
O10173,P310,Toys,Supplier A,Bangalore,TV,2025-06-18,0,1032.84,2,7,0.5693057087042371
O10174,P364,Toys,Supplier A,Bangalore,TV,2025-06-09,0,1651.69,2,9,0.6080218666008118
O10179,P583,Electronics,Supplier C,Bangalore,TV,2025-04-28,0,1774.29,1,8,0.5325980080546086
O10180,P219,Electronics,Supplier A,Hyderabad,Website Banner,2025-04-25,0,1214.96,3,9,0.6147364066008381
O10181,P378,Home,Supplier A,Bangalore,Website Banner,2025-04-24,0,1129.6,4,4,0.5554679860323004
O10183,P617,Clothing,Supplier B,Mumbai,Website Banner,2025-04-25,0,1243.7,1,2,0.5010979678321436
O10185,P463,Toys,Supplier A,Hyderabad,TV,2025-04-29,0,1413.56,3,4,0.5438153472821181
O10188,P941,Electronics,Supplier A,Mumbai,Email,2025-05-07,0,1981.53,1,8,0.5327393543726193
O10193,P944,Clothing,Supplier C,Bangalore,TV,2025-04-01,0,1858.55,2,9,0.5447118057935822
O10194,P578,Toys,Supplier C,Chennai,Website Banner,2025-05-01,0,431.52,4,5,0.5619100013315405
O10196,P763,Home,Supplier A,Hyderabad,TV,2025-06-19,0,1667.64,3,7,0.5693307343443764
O10199,P562,Toys,Supplier B,Chennai,Email,2025-05-31,1,1217.06,2,9,0.5772484554992694
O10200,P174,Clothing,Supplier A,Hyderabad,TV,2025-04-02,0,1405.43,3,3,0.5058527381220633
O10201,P707,Home,Supplier B,Delhi,TV,2025-04-03,0,1930.49,2,8,0.5311423890350535
O10208,P657,Toys,Supplier A,Bangalore,Email,2025-05-05,1,1760.04,2,8,0.5546362335304832
O10210,P320,Home,Supplier C,Mumbai,TV,2025-06-07,0,1150.1,1,8,0.5157757953581121
O10211,P974,Toys,Supplier A,Hyderabad,TV,2025-05-22,0,1618.28,2,3,0.5339347453655384
O10213,P352,Clothing,Supplier A,Chennai,TV,2025-05-20,0,1366.46,3,7,0.5907254828245361
O10214,P314,Home,Supplier A,Mumbai,Website Banner,2025-06-17,0,809.75,3,9,0.6029369800569309
O10216,P275,Toys,Supplier B,Mumbai,Website Banner,2025-04-21,0,1744.25,4,9,0.6301760399117156
O10217,P327,Toys,Supplier C,Mumbai,Website Banner,2025-05-21,0,737.39,2,6,0.5360531511778979
O10221,P891,Electronics,Supplier A,Hyderabad,Social Media,2025-06-27,0,1335.01,1,5,0.5258505788556009
O10222,P800,Home,Supplier A,Bangalore,TV,2025-06-14,0,1549.28,4,3,0.5179324761641732
O10223,P930,Toys,Supplier C,Chennai,Website Banner,2025-05-31,1,987.23,3,5,0.5727576212524313
O10226,P431,Clothing,Supplier C,Hyderabad,Website Banner,2025-05-25,1,718.93,2,8,0.540836259313645
O10227,P876,Clothing,Supplier B,Chennai,Email,2025-06-26,0,1349.22,1,5,0.5030815578313402
O10229,P746,Toys,Supplier A,Delhi,TV,2025-05-18,0,728.54,3,9,0.5489886881683413
O10230,P948,Clothing,Supplier C,Bangalore,TV,2025-05-10,1,919.28,2,8,0.5098112645445656
O10232,P447,Toys,Supplier A,Bangalore,Website Banner,2025-06-17,0,1100.54,3,3,0.557982791203324
O10233,P537,Toys,Supplier C,Hyderabad,Website Banner,2025-06-05,1,1422.02,1,7,0.5677153324402178
O10237,P564,Toys,Supplier B,Delhi,Social Media,2025-06-20,0,1286.45,1,9,0.5404387967032723
O10240,P961,Home,Supplier A,Hyderabad,Social Media,2025-04-05,0,464.41,2,9,0.5600527471554404
O10241,P379,Electronics,Supplier B,Chennai,TV,2025-04-01,1,1740.48,3,6,0.5782970860367658
O10243,P295,Home,Supplier B,Chennai,Social Media,2025-06-23,0,535.84,2,5,0.5341197267910529
O10245,P348,Home,Supplier B,Delhi,TV,2025-04-23,0,1641.2,3,6,0.5012501606100968
O10247,P612,Electronics,Supplier C,Chennai,Website Banner,2025-04-12,0,1406.97,2,2,0.5225947013832226
O10248,P579,Toys,Supplier A,Bangalore,TV,2025-06-04,0,773.03,3,3,0.5152826177846883
O10249,P521,Home,Supplier B,Mumbai,Website Banner,2025-06-19,0,886.21,3,9,0.5914704212443461
O10250,P885,Electronics,Supplier B,Bangalore,TV,2025-04-24,0,1983.28,1,9,0.5803932662861716
O10251,P537,Toys,Supplier C,Chennai,TV,2025-04-28,0,645.71,1,6,0.5381222909579196
O10252,P811,Toys,Supplier A,Mumbai,Social Media,2025-05-15,0,1111.62,4,9,0.5919183995566936
O10253,P787,Home,Supplier B,Bangalore,TV,2025-05-26,0,1719.92,1,4,0.5142705990338229
O10256,P628,Electronics,Supplier C,Bangalore,Social Media,2025-05-07,0,1307.16,4,9,0.5368942468602307
O10257,P270,Books,Supplier A,Mumbai,Website Banner,2025-04-08,0,1066.14,1,5,0.5078172435395016
O10258,P486,Clothing,Supplier A,Mumbai,Website Banner,2025-06-21,0,1027.1,3,8,0.588842562193468
O10261,P399,Home,Supplier B,Hyderabad,Website Banner,2025-05-07,0,1323.87,2,1,0.5050696656292317
O10262,P813,Books,Supplier B,Bangalore,Website Banner,2025-04-06,0,1375.92,4,6,0.5252053537017931
O10263,P841,Electronics,Supplier A,Chennai,Social Media,2025-06-01,0,326.66,2,7,0.5652362917523561
O10264,P857,Toys,Supplier A,Bangalore,Website Banner,2025-04-14,0,1335.86,3,5,0.5881635403519155
O10269,P970,Toys,Supplier A,Mumbai,Social Media,2025-04-05,0,1738.53,1,7,0.5754936539370701
O10278,P292,Home,Supplier B,Delhi,TV,2025-04-26,0,1150.81,2,9,0.5251861913467174
O10282,P662,Electronics,Supplier A,Bangalore,Website Banner,2025-05-11,0,1709.39,4,5,0.5789249417023683
O10283,P216,Toys,Supplier A,Chennai,Email,2025-05-30,0,1047.95,4,6,0.5539215094656338
O10286,P574,Toys,Supplier B,Mumbai,Social Media,2025-05-25,0,1513.99,1,5,0.5316989443288359
O10287,P858,Books,Supplier A,Bangalore,Website Banner,2025-05-28,0,437.14,4,8,0.5417199449088893
O10288,P753,Home,Supplier B,Bangalore,TV,2025-06-14,0,1424.43,3,4,0.5116341220796599
O10289,P320,Toys,Supplier A,Hyderabad,Social Media,2025-06-24,0,1716.42,1,2,0.5177222069555395
O10293,P629,Toys,Supplier A,Hyderabad,Social Media,2025-05-26,0,1843.02,4,4,0.5524065794912479
O10295,P208,Books,Supplier A,Chennai,Website Banner,2025-04-24,1,1362.37,3,9,0.6095784204456148
O10297,P297,Home,Supplier A,Mumbai,Email,2025-05-04,0,1705.79,1,9,0.5412877821664638
O10298,P647,Toys,Supplier A,Mumbai,Website Banner,2025-04-06,0,1122.14,2,4,0.5642865940255655
O10299,P130,Electronics,Supplier B,Bangalore,Email,2025-05-17,0,443.43,2,9,0.5017173503308285
O10302,P102,Electronics,Supplier A,Chennai,Social Media,2025-04-24,1,1390.61,4,5,0.5696979417173568
O10305,P911,Toys,Supplier B,Bangalore,Website Banner,2025-05-03,0,721.79,2,3,0.5332178408503503
O10307,P628,Toys,Supplier B,Hyderabad,Social Media,2025-04-16,0,1234.71,1,5,0.5303200843461291
O10310,P239,Electronics,Supplier A,Mumbai,TV,2025-06-07,1,529.28,2,7,0.5325526974265211
O10312,P735,Clothing,Supplier A,Delhi,Website Banner,2025-06-20,1,1972.0,1,5,0.5337497715444836
O10314,P561,Clothing,Supplier A,Chennai,TV,2025-05-15,0,1279.47,4,8,0.6029950182973369
O10315,P487,Clothing,Supplier A,Chennai,Social Media,2025-06-15,0,1597.68,4,2,0.5325446802904482
O10316,P202,Home,Supplier C,Delhi,Website Banner,2025-06-18,0,1548.48,2,8,0.526345156018637
O10319,P275,Home,Supplier A,Chennai,Social Media,2025-06-21,0,1768.28,1,3,0.549698782784587
O10323,P316,Electronics,Supplier A,Hyderabad,TV,2025-04-05,0,899.54,4,7,0.550936541617037
O10327,P928,Books,Supplier A,Chennai,Website Banner,2025-05-24,0,1122.65,3,2,0.5173287972869065
O10329,P680,Clothing,Supplier B,Hyderabad,Website Banner,2025-05-16,0,1089.48,2,9,0.5921673222792048
O10340,P370,Electronics,Supplier A,Chennai,TV,2025-06-18,0,1813.71,4,8,0.6195185574375334
O10341,P642,Toys,Supplier A,Chennai,Website Banner,2025-04-07,1,1968.82,4,1,0.5919485067717037
O10342,P526,Home,Supplier B,Hyderabad,Social Media,2025-06-14,0,918.4,4,9,0.5615252938529393
O10343,P305,Toys,Supplier B,Mumbai,Website Banner,2025-06-02,0,947.79,1,8,0.5938892162151035
O10345,P752,Clothing,Supplier B,Mumbai,Social Media,2025-04-20,0,784.2,2,9,0.5416581982438727
O10349,P106,Books,Supplier A,Chennai,Social Media,2025-04-05,1,280.39,4,8,0.5361822621564659
O10350,P428,Clothing,Supplier A,Chennai,TV,2025-04-29,0,757.21,3,2,0.5141133202514581
O10353,P568,Toys,Supplier B,Chennai,Social Media,2025-05-12,0,357.64,4,7,0.5770156174860233
O10356,P836,Toys,Supplier B,Chennai,TV,2025-04-26,1,1518.39,1,5,0.5766306432995129
O10360,P290,Toys,Supplier A,Bangalore,Website Banner,2025-04-26,0,1584.16,4,6,0.6081060661850075
O10361,P202,Toys,Supplier B,Delhi,Website Banner,2025-04-07,1,1004.19,3,4,0.5140277145287954
O10366,P991,Toys,Supplier B,Hyderabad,TV,2025-04-17,0,1949.51,3,6,0.5677864508918851
O10367,P819,Home,Supplier A,Chennai,Website Banner,2025-05-13,1,267.59,2,4,0.56740615184241
O10369,P944,Books,Supplier B,Chennai,Website Banner,2025-06-17,0,765.4,4,3,0.5098968433031811
O10371,P962,Toys,Supplier A,Chennai,Email,2025-06-01,1,390.44,4,3,0.5005946776036023
O10372,P642,Clothing,Supplier A,Hyderabad,TV,2025-05-20,0,1331.38,4,8,0.5689439838371053
O10377,P366,Clothing,Supplier C,Mumbai,Website Banner,2025-05-21,0,1959.36,4,3,0.5065472814770612
O10378,P419,Clothing,Supplier A,Bangalore,Social Media,2025-06-11,0,267.24,3,6,0.5120427314420092
O10381,P630,Books,Supplier A,Hyderabad,Social Media,2025-04-08,1,832.48,2,9,0.5212674442232866
O10382,P151,Electronics,Supplier A,Bangalore,Website Banner,2025-06-23,1,1996.8,2,1,0.5315184679327792
O10383,P556,Toys,Supplier C,Hyderabad,Website Banner,2025-05-22,0,1799.92,3,2,0.5184520141718751
O10386,P840,Clothing,Supplier A,Mumbai,Website Banner,2025-05-21,1,1366.08,1,9,0.6045260904045641
O10388,P603,Electronics,Supplier B,Bangalore,Social Media,2025-04-29,0,461.19,4,8,0.5349599925953252
O10389,P742,Clothing,Supplier B,Bangalore,Email,2025-04-07,0,1827.89,1,9,0.5278558275203882
O10390,P835,Electronics,Supplier A,Hyderabad,Email,2025-06-18,0,1943.87,2,7,0.5267242876946233
O10392,P327,Books,Supplier B,Chennai,TV,2025-04-03,1,1621.57,2,4,0.5033797504773397
O10397,P224,Home,Supplier B,Bangalore,TV,2025-05-19,0,1447.94,4,9,0.5768812125693563
O10398,P485,Toys,Supplier C,Mumbai,Social Media,2025-06-07,0,1612.5,2,7,0.530644881350611
O10399,P386,Clothing,Supplier C,Mumbai,TV,2025-05-05,0,1687.62,4,8,0.527985551010891
O10400,P309,Home,Supplier A,Delhi,Social Media,2025-06-01,0,1844.78,3,5,0.5034527176615866
O10401,P989,Books,Supplier A,Chennai,TV,2025-04-03,1,1783.87,2,5,0.5335598190781482
O10402,P397,Electronics,Supplier C,Mumbai,Social Media,2025-06-12,0,1999.53,2,7,0.5192871139038364
O10404,P790,Toys,Supplier A,Bangalore,Social Media,2025-06-29,0,1573.95,1,9,0.6005298189377921
O10407,P722,Toys,Supplier A,Mumbai,TV,2025-05-30,0,1967.43,1,2,0.5221995855554157
O10408,P116,Books,Supplier B,Chennai,TV,2025-05-01,0,1816.22,1,7,0.5435635589315424
O10409,P290,Toys,Supplier B,Chennai,Website Banner,2025-06-13,0,431.33,1,2,0.5484521255982296
O10413,P470,Toys,Supplier C,Chennai,Website Banner,2025-05-23,0,1884.47,4,1,0.5462714639893831
O10416,P284,Clothing,Supplier C,Chennai,Social Media,2025-05-15,0,666.59,3,7,0.5266599315616779
O10421,P106,Toys,Supplier B,Mumbai,Website Banner,2025-06-04,0,939.46,3,4,0.5485971878101943
O10423,P468,Clothing,Supplier A,Chennai,TV,2025-06-02,1,686.94,2,7,0.5728101725682874
O10429,P935,Toys,Supplier C,Bangalore,TV,2025-04-20,0,1069.06,2,5,0.5007899948605595
O10430,P924,Clothing,Supplier C,Chennai,TV,2025-05-21,0,781.53,1,6,0.5161676673838484
O10431,P471,Electronics,Supplier C,Bangalore,Website Banner,2025-05-26,0,1710.15,3,4,0.5201835912449366
O10432,P963,Toys,Supplier A,Chennai,Social Media,2025-05-30,0,735.81,2,5,0.5702783775101279
O10433,P398,Home,Supplier B,Chennai,TV,2025-05-24,0,1387.57,1,9,0.6049478745703316
O10434,P414,Toys,Supplier C,Bangalore,Website Banner,2025-04-11,0,446.57,1,7,0.5440107148937375
O10435,P835,Toys,Supplier A,Mumbai,TV,2025-05-25,1,1436.36,3,2,0.5139540980340627
O10438,P168,Toys,Supplier C,Hyderabad,Website Banner,2025-06-28,1,1207.74,3,3,0.5169502531131929
O10441,P276,Books,Supplier C,Chennai,Social Media,2025-06-29,0,667.19,4,9,0.5134951201100424
O10443,P501,Home,Supplier A,Delhi,Email,2025-06-11,0,1469.55,3,9,0.5038932968949273
O10447,P985,Electronics,Supplier A,Delhi,Website Banner,2025-05-31,0,1983.9,3,2,0.5052822313671143
O10448,P282,Electronics,Supplier A,Chennai,Website Banner,2025-04-23,0,383.51,4,4,0.5719368409185466
O10451,P575,Toys,Supplier B,Mumbai,TV,2025-05-25,0,1677.94,4,3,0.5207892834008442
O10453,P283,Books,Supplier A,Chennai,TV,2025-06-01,0,1413.21,2,4,0.5121493805938936
O10456,P621,Books,Supplier C,Chennai,Website Banner,2025-06-11,0,1717.47,1,6,0.5329496856326622
O10458,P324,Clothing,Supplier B,Mumbai,Social Media,2025-04-24,0,1139.83,2,6,0.5123769266239316
O10459,P441,Home,Supplier C,Bangalore,Social Media,2025-06-08,0,922.78,4,7,0.5051093447322459
O10461,P532,Clothing,Supplier B,Hyderabad,Social Media,2025-05-20,0,1645.87,4,6,0.5340797205382701
O10463,P427,Clothing,Supplier B,Hyderabad,Website Banner,2025-06-26,1,1501.3,3,1,0.5043072266906203
O10464,P143,Clothing,Supplier C,Hyderabad,Social Media,2025-05-02,0,571.15,4,8,0.5028903762888778
O10468,P606,Electronics,Supplier A,Chennai,Social Media,2025-05-17,1,1017.96,1,4,0.5419368432826331
O10469,P593,Toys,Supplier A,Mumbai,Social Media,2025-04-29,0,1541.26,1,4,0.5334638745015605
O10471,P223,Books,Supplier B,Chennai,TV,2025-06-27,0,219.21,1,9,0.5307869495494336
O10472,P535,Clothing,Supplier B,Chennai,Social Media,2025-05-17,0,1597.8,4,5,0.5564674242409758
O10473,P746,Books,Supplier B,Hyderabad,Website Banner,2025-05-14,0,1678.97,2,8,0.5538198930661201
O10474,P801,Home,Supplier B,Chennai,Social Media,2025-06-13,0,307.06,4,8,0.5705092241198303
O10476,P678,Toys,Supplier A,Mumbai,Social Media,2025-04-27,1,880.77,1,9,0.580159372735437
O10477,P446,Electronics,Supplier B,Chennai,Email,2025-06-03,0,1629.01,2,9,0.5666801112181302
O10479,P327,Books,Supplier A,Bangalore,Social Media,2025-06-20,0,1731.81,2,6,0.5041249601670773
O10480,P881,Electronics,Supplier B,Bangalore,TV,2025-05-29,0,1598.97,4,5,0.5280397622464449
O10482,P391,Clothing,Supplier A,Hyderabad,TV,2025-06-19,1,1661.4,4,8,0.5766474457417877
O10485,P984,Home,Supplier C,Hyderabad,Social Media,2025-05-14,0,1022.49,3,9,0.5312263202981449
O10486,P600,Electronics,Supplier C,Bangalore,TV,2025-05-25,0,1895.88,3,9,0.5523788065139486
O10487,P116,Home,Supplier B,Mumbai,Website Banner,2025-05-24,0,1798.15,4,7,0.5902277130208006
O10488,P212,Toys,Supplier C,Bangalore,TV,2025-04-16,0,384.08,1,8,0.520095860393498
O10489,P171,Clothing,Supplier A,Bangalore,TV,2025-05-25,0,1539.43,2,3,0.5060979473671546
O10492,P132,Toys,Supplier A,Delhi,Social Media,2025-05-05,0,1048.9,4,7,0.5299425237270389
O10497,P346,Electronics,Supplier A,Chennai,Website Banner,2025-05-31,0,1840.95,4,3,0.5934661029059703
O10503,P553,Home,Supplier B,Chennai,TV,2025-06-21,0,789.99,2,4,0.5313483902849433
O10504,P893,Home,Supplier B,Chennai,Email,2025-04-15,0,1748.13,1,6,0.5323668636920584
O10506,P945,Toys,Supplier A,Hyderabad,Email,2025-04-30,1,980.23,2,9,0.549460737162719
O10508,P507,Books,Supplier A,Bangalore,Website Banner,2025-05-11,1,1888.5,1,5,0.5319165425992624
O10509,P836,Electronics,Supplier C,Chennai,Website Banner,2025-04-06,1,475.64,4,7,0.5674882648996478
O10511,P584,Toys,Supplier A,Hyderabad,Email,2025-05-28,0,628.55,2,7,0.5159927109033962
O10512,P377,Electronics,Supplier B,Chennai,Social Media,2025-06-17,0,1676.5,2,2,0.5209539593886339
O10513,P477,Toys,Supplier C,Bangalore,Website Banner,2025-06-22,1,576.78,4,7,0.5536361242546766
O10514,P102,Toys,Supplier A,Hyderabad,Social Media,2025-05-03,0,633.58,4,4,0.5237386533863104
O10520,P632,Toys,Supplier B,Bangalore,Website Banner,2025-06-21,0,1199.29,3,2,0.5341864880214905
O10521,P224,Electronics,Supplier C,Chennai,TV,2025-04-13,1,1514.75,4,4,0.5196700392320527
O10523,P419,Home,Supplier C,Hyderabad,Email,2025-05-28,0,1875.85,3,9,0.5105303309919309
O10525,P755,Toys,Supplier C,Chennai,TV,2025-04-07,0,850.64,4,6,0.5495337523942077
O10526,P677,Books,Supplier B,Chennai,TV,2025-04-29,0,1599.82,2,7,0.5406280826295367
O10527,P312,Electronics,Supplier C,Mumbai,Website Banner,2025-06-24,0,1529.84,4,3,0.500949774184197
O10529,P819,Books,Supplier A,Mumbai,TV,2025-05-29,0,1006.3,4,7,0.503094822402345
O10530,P383,Clothing,Supplier B,Chennai,Website Banner,2025-04-28,0,1154.85,1,3,0.5530161410460597
O10531,P554,Clothing,Supplier B,Chennai,TV,2025-06-26,0,948.39,2,6,0.5530067701571943
O10532,P576,Clothing,Supplier B,Bangalore,Social Media,2025-06-16,0,1730.68,1,6,0.5287642672822433
O10536,P477,Home,Supplier A,Bangalore,Social Media,2025-06-15,0,614.62,3,8,0.5525706489095313
O10537,P205,Home,Supplier B,Mumbai,Social Media,2025-06-08,0,1209.81,3,9,0.561002370556882
O10539,P372,Toys,Supplier A,Mumbai,TV,2025-05-20,1,776.34,4,7,0.5631767655159622
O10540,P127,Electronics,Supplier C,Hyderabad,Website Banner,2025-06-18,0,1844.2,3,9,0.5863577214112585
O10541,P952,Clothing,Supplier A,Bangalore,TV,2025-06-01,0,936.61,2,9,0.567029516011101
O10544,P968,Electronics,Supplier A,Mumbai,Social Media,2025-06-11,0,645.62,1,6,0.5167691984235401
O10549,P614,Clothing,Supplier A,Mumbai,Social Media,2025-04-09,0,1839.16,4,5,0.5345331453772391
O10551,P107,Clothing,Supplier A,Delhi,Website Banner,2025-05-27,0,970.25,3,4,0.5017007950667878
O10553,P970,Books,Supplier A,Bangalore,Website Banner,2025-06-27,0,1327.99,1,7,0.5437186231361316
O10554,P174,Books,Supplier B,Chennai,Email,2025-04-29,0,1432.59,1,8,0.502283233519375
O10559,P240,Toys,Supplier C,Mumbai,Social Media,2025-04-21,1,795.83,2,7,0.5112051629918983
O10560,P541,Electronics,Supplier B,Chennai,TV,2025-06-25,0,1532.55,1,1,0.5064841810307883
O10563,P278,Toys,Supplier A,Mumbai,Email,2025-04-28,0,1270.92,3,5,0.5030079670838697
O10565,P887,Toys,Supplier A,Hyderabad,TV,2025-05-18,0,1980.81,2,2,0.5299778499276337
O10566,P610,Home,Supplier A,Hyderabad,TV,2025-05-01,0,1422.49,4,9,0.5903721671684568
O10568,P734,Toys,Supplier B,Chennai,Email,2025-04-01,1,251.91,4,5,0.5087868569951467
O10569,P845,Home,Supplier B,Hyderabad,TV,2025-06-24,1,808.65,3,7,0.5354938741485195
O10576,P627,Clothing,Supplier B,Chennai,Website Banner,2025-04-21,1,1210.07,3,2,0.5461908081315391
O10578,P955,Clothing,Supplier B,Chennai,TV,2025-06-07,0,1623.09,4,4,0.5483168757814123
O10579,P418,Toys,Supplier A,Hyderabad,Website Banner,2025-04-03,0,440.38,1,2,0.5261954843797636
O10583,P287,Electronics,Supplier A,Chennai,Email,2025-05-12,1,927.47,4,7,0.5431533382069486
O10584,P200,Home,Supplier C,Chennai,Social Media,2025-06-17,0,1775.67,3,3,0.5098564021098627
O10586,P652,Toys,Supplier C,Mumbai,Social Media,2025-04-14,1,925.0,1,9,0.5372518627471737
O10588,P946,Toys,Supplier B,Delhi,Website Banner,2025-06-22,0,1192.05,4,6,0.5458248066373261
O10589,P180,Electronics,Supplier C,Chennai,TV,2025-04-21,0,1475.63,3,4,0.5165368515213329
O10590,P510,Electronics,Supplier A,Bangalore,Social Media,2025-04-16,0,405.99,1,5,0.5029718560049118
O10591,P906,Electronics,Supplier A,Hyderabad,TV,2025-05-28,0,749.78,2,8,0.5555225923091535
O10592,P646,Books,Supplier A,Hyderabad,Website Banner,2025-04-28,0,1606.26,2,3,0.5029415908628109
O10594,P327,Toys,Supplier A,Chennai,Email,2025-06-23,0,634.88,4,3,0.5064238355874828
O10596,P764,Books,Supplier A,Chennai,TV,2025-06-04,0,554.17,2,8,0.542041191936359
O10599,P701,Books,Supplier B,Chennai,TV,2025-04-14,0,1471.79,2,9,0.5625726166636824
O10605,P566,Home,Supplier A,Bangalore,TV,2025-06-10,1,1064.16,1,5,0.524974774512091
O10606,P523,Toys,Supplier B,Hyderabad,TV,2025-04-23,0,1084.53,3,3,0.5097199975301551
O10607,P801,Electronics,Supplier A,Bangalore,TV,2025-06-18,0,1499.56,2,4,0.5223968328374203
O10608,P903,Clothing,Supplier B,Bangalore,Social Media,2025-06-11,1,1887.93,1,4,0.5073078706420568
O10609,P958,Electronics,Supplier B,Chennai,Website Banner,2025-06-05,0,364.25,1,8,0.6007057955704913
O10610,P948,Electronics,Supplier A,Bangalore,TV,2025-06-09,0,235.1,1,6,0.5152851530534133
O10611,P287,Electronics,Supplier C,Bangalore,Social Media,2025-05-24,0,1650.27,1,7,0.5132900133407122
O10612,P183,Books,Supplier A,Hyderabad,TV,2025-06-08,0,394.7,4,9,0.5190140295427078
O10613,P722,Home,Supplier A,Chennai,TV,2025-05-08,0,1976.05,1,6,0.5952709810068494
O10622,P670,Toys,Supplier B,Chennai,Social Media,2025-06-29,0,441.42,1,5,0.5476357084320472
O10623,P448,Toys,Supplier B,Chennai,TV,2025-05-04,0,301.52,4,9,0.6037775871538622
O10624,P953,Clothing,Supplier C,Chennai,Social Media,2025-05-21,0,1762.93,3,8,0.565078867944838
O10625,P423,Clothing,Supplier B,Mumbai,Social Media,2025-05-15,0,730.49,1,9,0.5381951770011524
O10626,P206,Toys,Supplier A,Bangalore,Social Media,2025-05-23,0,203.26,1,5,0.5187450191245058
O10627,P222,Clothing,Supplier A,Delhi,Website Banner,2025-06-05,0,602.87,4,8,0.5454932330547918
O10629,P498,Toys,Supplier A,Chennai,Social Media,2025-06-29,0,1983.78,4,5,0.6034043803601811
O10630,P702,Books,Supplier A,Chennai,Website Banner,2025-06-01,0,1142.37,2,3,0.5281906618538975
O10633,P409,Home,Supplier B,Mumbai,Social Media,2025-06-10,0,794.55,3,5,0.5009288023812961
O10635,P844,Electronics,Supplier A,Chennai,TV,2025-05-10,0,443.33,4,6,0.563610503967653
O10636,P489,Electronics,Supplier A,Bangalore,TV,2025-06-02,0,1451.35,2,9,0.5835653186853257
O10638,P145,Toys,Supplier A,Hyderabad,TV,2025-05-06,0,615.32,4,6,0.5521431722096588
O10640,P794,Toys,Supplier C,Bangalore,Website Banner,2025-04-06,0,1563.92,3,6,0.5622373018554444
O10642,P801,Books,Supplier C,Hyderabad,Website Banner,2025-05-13,0,1440.2,4,8,0.521879972458475
O10644,P205,Books,Supplier B,Bangalore,Website Banner,2025-05-09,0,1430.47,3,6,0.5243041403726192
O10645,P762,Clothing,Supplier C,Chennai,TV,2025-05-18,0,205.12,1,6,0.5024268109078966
O10648,P366,Electronics,Supplier A,Hyderabad,Website Banner,2025-04-09,0,931.25,2,2,0.519503720237671
O10649,P300,Clothing,Supplier B,Mumbai,Email,2025-06-01,0,1587.87,1,8,0.5050113931484107
O10650,P795,Clothing,Supplier B,Hyderabad,Website Banner,2025-05-14,1,983.42,4,7,0.5694232255947504
O10652,P570,Home,Supplier A,Mumbai,TV,2025-05-07,0,1041.66,2,7,0.547229835817062
O10655,P803,Electronics,Supplier A,Bangalore,Social Media,2025-05-17,1,1965.78,1,7,0.5650377038627403
O10657,P290,Clothing,Supplier A,Chennai,Website Banner,2025-04-27,0,1816.62,4,2,0.5761367545369475
O10658,P945,Electronics,Supplier C,Mumbai,Social Media,2025-06-21,1,1516.89,3,9,0.5351704993380395
O10661,P307,Clothing,Supplier A,Bangalore,TV,2025-04-12,0,1439.56,2,7,0.5539809728004472
O10662,P346,Electronics,Supplier A,Chennai,Email,2025-05-10,0,1961.58,3,9,0.5899661378001241
O10664,P192,Home,Supplier C,Chennai,Website Banner,2025-06-04,0,1871.71,3,4,0.563346189982728
O10674,P886,Electronics,Supplier B,Hyderabad,Website Banner,2025-05-02,0,208.11,3,8,0.5660563221761579
O10681,P663,Books,Supplier A,Delhi,Website Banner,2025-05-23,0,1836.62,2,8,0.5299544230972697
O10682,P151,Clothing,Supplier A,Bangalore,Social Media,2025-04-18,0,383.16,1,7,0.5230035192588705
O10683,P704,Clothing,Supplier B,Bangalore,Website Banner,2025-04-01,0,288.47,1,7,0.5458130887872427
O10686,P830,Books,Supplier A,Bangalore,Website Banner,2025-05-09,0,1388.7,1,9,0.5700523904968284
O10688,P304,Electronics,Supplier B,Mumbai,Email,2025-06-01,0,1015.87,1,9,0.5086338162715298
O10689,P252,Home,Supplier A,Chennai,Social Media,2025-04-26,0,1431.79,4,4,0.5607687791574991
O10690,P183,Books,Supplier A,Chennai,Website Banner,2025-04-10,0,847.85,1,5,0.5441152161929486
O10692,P964,Toys,Supplier B,Chennai,Website Banner,2025-04-30,0,273.07,2,6,0.5962927428635346
O10693,P695,Electronics,Supplier B,Delhi,Social Media,2025-06-08,0,903.36,3,8,0.5025642886988915
O10694,P173,Electronics,Supplier B,Mumbai,Website Banner,2025-05-31,0,1623.53,4,8,0.5959248397351149
O10695,P140,Clothing,Supplier B,Hyderabad,Email,2025-04-18,1,1645.41,1,8,0.5116578923280982
O10696,P843,Toys,Supplier A,Mumbai,Website Banner,2025-04-07,0,1489.07,2,3,0.5604786149003874
O10699,P535,Clothing,Supplier A,Bangalore,Email,2025-04-12,0,1992.96,2,9,0.5476219639735126
O10701,P183,Home,Supplier B,Chennai,Website Banner,2025-06-04,1,525.19,2,5,0.5723293083387938
O10702,P417,Clothing,Supplier A,Mumbai,Social Media,2025-05-27,0,434.05,1,8,0.5322772670725996
O10704,P673,Electronics,Supplier B,Hyderabad,Social Media,2025-06-29,1,578.32,4,6,0.5133155970333034
O10705,P828,Toys,Supplier B,Hyderabad,TV,2025-06-20,0,1095.84,4,4,0.5247938747046428
O10707,P256,Home,Supplier A,Chennai,Email,2025-05-20,0,1822.71,4,5,0.5418280091757602
O10709,P599,Electronics,Supplier B,Bangalore,TV,2025-06-15,1,775.78,4,8,0.5461623411173682
O10715,P478,Toys,Supplier C,Chennai,Social Media,2025-04-14,0,1667.88,3,2,0.512729302042951
O10717,P204,Clothing,Supplier A,Delhi,Website Banner,2025-04-18,0,440.77,1,6,0.5099013557227979
O10718,P313,Clothing,Supplier C,Delhi,Website Banner,2025-05-24,1,1794.26,2,8,0.5250118569616921
O10719,P934,Clothing,Supplier A,Chennai,Email,2025-06-07,1,1368.61,2,9,0.5695119828914895
O10727,P783,Clothing,Supplier B,Chennai,TV,2025-06-27,0,1501.28,2,7,0.5783600171676233
O10728,P135,Home,Supplier B,Bangalore,Website Banner,2025-04-07,0,1658.66,4,1,0.5167104652427518
O10732,P964,Toys,Supplier B,Hyderabad,Website Banner,2025-04-28,0,1410.1,1,8,0.6095147873027542
O10733,P481,Clothing,Supplier B,Mumbai,Website Banner,2025-04-19,0,1815.55,4,3,0.533915535916255
O10736,P537,Electronics,Supplier B,Hyderabad,Website Banner,2025-04-01,1,1612.17,1,7,0.5821502854273903
O10738,P894,Toys,Supplier B,Mumbai,Email,2025-05-01,1,1137.57,3,8,0.5239252554947311
O10740,P520,Clothing,Supplier A,Chennai,TV,2025-05-28,0,1694.35,4,8,0.612429735744079
O10742,P508,Clothing,Supplier C,Bangalore,Website Banner,2025-06-19,0,1456.89,2,6,0.5324968156600811
O10746,P846,Home,Supplier A,Bangalore,Social Media,2025-04-21,0,1124.67,4,7,0.5543000023311525
O10747,P915,Home,Supplier C,Chennai,Website Banner,2025-04-13,0,632.47,3,3,0.5215022920560266
O10750,P244,Toys,Supplier C,Hyderabad,Social Media,2025-06-11,0,1575.66,1,6,0.5202466132758897
O10753,P415,Home,Supplier C,Chennai,Website Banner,2025-04-12,0,1628.54,4,6,0.5845124797741266
O10755,P730,Home,Supplier A,Hyderabad,Social Media,2025-05-19,1,1974.66,3,5,0.5479420761107389
O10756,P830,Books,Supplier A,Chennai,Website Banner,2025-04-25,0,1351.92,4,9,0.6114380562873148
O10759,P566,Clothing,Supplier A,Mumbai,Social Media,2025-06-12,0,1873.75,3,5,0.5331600245801867
O10764,P815,Clothing,Supplier B,Mumbai,Website Banner,2025-06-29,0,389.71,4,9,0.5751045303201763
O10772,P382,Toys,Supplier B,Mumbai,Email,2025-04-13,0,1205.52,4,9,0.5402997133579027
O10773,P726,Clothing,Supplier C,Chennai,TV,2025-04-18,1,1826.51,4,9,0.5847386990951035
O10774,P555,Clothing,Supplier B,Mumbai,Social Media,2025-06-04,0,399.79,4,8,0.5243579219573937
O10776,P864,Clothing,Supplier A,Chennai,Website Banner,2025-04-01,0,971.6,1,3,0.5622621350201099
O10778,P871,Home,Supplier A,Mumbai,Website Banner,2025-04-24,0,1219.33,4,1,0.5154453532996515
O10780,P142,Clothing,Supplier A,Hyderabad,Social Media,2025-04-04,0,712.27,4,7,0.5381533822302907
O10782,P560,Electronics,Supplier B,Mumbai,Social Media,2025-04-22,0,803.61,4,7,0.5260107711386565
O10783,P981,Home,Supplier B,Chennai,Social Media,2025-06-25,1,1294.33,2,5,0.5520721414047597
O10786,P345,Clothing,Supplier A,Hyderabad,Website Banner,2025-06-08,0,424.86,2,7,0.5655073914966126
O10788,P697,Electronics,Supplier B,Bangalore,Social Media,2025-06-14,1,222.37,1,7,0.5100882796678982
O10789,P629,Electronics,Supplier C,Chennai,Social Media,2025-06-08,1,1783.66,3,7,0.5577127369536252
O10792,P676,Toys,Supplier A,Delhi,Email,2025-04-04,0,1769.57,3,7,0.5038743831390623
O10794,P735,Toys,Supplier A,Hyderabad,Social Media,2025-04-04,1,985.34,2,2,0.5024988603179992
O10795,P423,Clothing,Supplier A,Bangalore,Website Banner,2025-05-01,0,1932.15,4,3,0.5547985734253874
O10796,P674,Books,Supplier B,Hyderabad,Website Banner,2025-05-13,0,1701.45,2,4,0.5040895545754119
O10798,P218,Home,Supplier B,Bangalore,Website Banner,2025-04-02,0,1572.63,4,8,0.6015648919598657
O10799,P814,Home,Supplier B,Mumbai,Email,2025-05-25,0,1700.08,4,7,0.5088791155943501
O10804,P517,Clothing,Supplier C,Chennai,Website Banner,2025-06-26,0,1999.47,3,6,0.5839717242950965
O10805,P315,Clothing,Supplier A,Delhi,Website Banner,2025-05-09,1,1717.95,1,3,0.5025046156254309
O10808,P322,Electronics,Supplier A,Bangalore,Social Media,2025-06-02,0,1327.11,3,5,0.529314224027777
O10810,P786,Toys,Supplier B,Delhi,Social Media,2025-06-03,1,1371.44,2,8,0.5320954445239219
O10811,P750,Clothing,Supplier B,Hyderabad,Social Media,2025-04-14,0,1942.15,1,5,0.5219523361634252
O10813,P303,Electronics,Supplier B,Hyderabad,TV,2025-06-03,0,1007.9,2,7,0.5354885465121694
O10814,P632,Clothing,Supplier A,Hyderabad,Email,2025-05-08,1,313.14,2,9,0.5084509568685062
O10815,P994,Toys,Supplier C,Delhi,Social Media,2025-05-25,0,1056.91,2,9,0.5064074734713058
O10817,P522,Electronics,Supplier A,Bangalore,Email,2025-04-15,0,1293.88,2,7,0.5105009059980993
O10818,P973,Books,Supplier A,Hyderabad,Website Banner,2025-05-03,0,1168.65,4,9,0.5721210287936752
O10819,P876,Toys,Supplier B,Chennai,TV,2025-06-19,0,1043.87,4,6,0.5843408067348466
O10821,P596,Toys,Supplier B,Hyderabad,Website Banner,2025-04-17,0,699.22,1,2,0.5186427431990377
O10825,P285,Books,Supplier B,Chennai,TV,2025-06-10,0,783.16,1,8,0.5316141213035044
O10828,P260,Clothing,Supplier A,Mumbai,Website Banner,2025-05-17,1,1693.4,2,4,0.5528081587506192
O10829,P605,Electronics,Supplier B,Bangalore,Social Media,2025-06-27,0,1212.28,3,9,0.5630072843063147
O10831,P196,Home,Supplier C,Hyderabad,Website Banner,2025-06-01,1,1465.57,3,8,0.567717612565661
O10833,P787,Electronics,Supplier B,Bangalore,Website Banner,2025-05-25,1,1046.67,2,7,0.5704027977877097
O10834,P818,Books,Supplier A,Chennai,Email,2025-06-26,0,1921.24,3,8,0.5320425635044113
O10835,P827,Toys,Supplier B,Chennai,Email,2025-06-13,0,1580.07,3,5,0.53818344936923
O10836,P841,Clothing,Supplier B,Hyderabad,Social Media,2025-06-05,0,1945.2,1,8,0.5596110827530003
O10837,P657,Clothing,Supplier A,Delhi,Website Banner,2025-05-23,0,1543.26,1,8,0.5611258690348211
O10838,P280,Home,Supplier A,Delhi,Social Media,2025-05-17,0,516.08,3,9,0.5222263762839083
O10843,P712,Electronics,Supplier C,Chennai,Website Banner,2025-06-14,1,1652.98,1,5,0.56378009803916
O10845,P580,Books,Supplier B,Mumbai,Website Banner,2025-05-24,0,770.6,3,8,0.5292606885552548
O10846,P907,Toys,Supplier C,Mumbai,Website Banner,2025-05-18,0,1729.98,3,2,0.5115141965262247
O10850,P754,Home,Supplier A,Chennai,TV,2025-06-12,0,1731.4,4,9,0.6318915645439921
O10855,P266,Toys,Supplier C,Chennai,Social Media,2025-04-11,0,819.34,3,7,0.5553623713878898
O10857,P120,Toys,Supplier A,Mumbai,Website Banner,2025-05-14,0,1590.34,3,1,0.5400717067120828
O10858,P768,Electronics,Supplier A,Mumbai,Social Media,2025-04-19,0,1570.3,2,6,0.5409401574323986
O10859,P738,Home,Supplier B,Bangalore,Website Banner,2025-05-01,0,1919.44,4,3,0.5480252119112271
O10860,P319,Electronics,Supplier B,Chennai,Website Banner,2025-05-21,1,1797.9,3,1,0.5521776406009237
O10864,P977,Home,Supplier B,Chennai,TV,2025-06-24,0,880.89,3,2,0.5105223543708517
O10865,P221,Books,Supplier A,Chennai,Website Banner,2025-05-19,1,1051.71,4,8,0.5924848571815731
O10866,P609,Toys,Supplier A,Delhi,Website Banner,2025-06-14,0,1334.72,4,2,0.5126188920843026
O10868,P973,Clothing,Supplier C,Delhi,Website Banner,2025-04-23,0,954.36,3,8,0.5072063127785087
O10869,P129,Toys,Supplier C,Chennai,Website Banner,2025-04-05,0,1609.97,1,6,0.5951645980453318
O10871,P812,Toys,Supplier B,Mumbai,Website Banner,2025-04-06,0,1456.35,2,3,0.5461233275274084
O10873,P855,Toys,Supplier C,Chennai,Social Media,2025-04-25,0,1768.71,2,3,0.5255290306940611
O10874,P209,Electronics,Supplier B,Mumbai,Website Banner,2025-06-03,0,254.68,3,9,0.5743428164174984
O10875,P214,Toys,Supplier C,Chennai,Email,2025-05-01,0,1482.96,1,5,0.5006836122249718
O10877,P235,Clothing,Supplier A,Chennai,Social Media,2025-04-03,0,679.24,4,5,0.5483922031208944
O10879,P299,Home,Supplier A,Chennai,Website Banner,2025-05-07,0,955.89,1,1,0.5440582140583288
O10880,P586,Toys,Supplier A,Chennai,Website Banner,2025-05-28,0,545.31,2,4,0.591464894264224
O10882,P777,Home,Supplier B,Bangalore,Social Media,2025-05-13,1,1509.87,1,8,0.5557336556488656
O10883,P898,Home,Supplier B,Hyderabad,Website Banner,2025-04-13,1,1404.66,2,7,0.5819638133288988
O10884,P166,Electronics,Supplier A,Delhi,Website Banner,2025-04-10,0,329.27,1,7,0.5244883592209264
O10885,P562,Clothing,Supplier C,Hyderabad,TV,2025-04-13,0,1545.17,1,8,0.5232639365865926
O10886,P911,Clothing,Supplier A,Mumbai,Social Media,2025-04-15,0,295.48,1,7,0.5163927421615867
O10889,P419,Toys,Supplier C,Hyderabad,TV,2025-05-10,0,1257.84,3,6,0.520849370767415
O10892,P959,Clothing,Supplier A,Hyderabad,Website Banner,2025-05-27,0,757.51,2,6,0.5608965580703911
O10897,P686,Electronics,Supplier C,Bangalore,TV,2025-05-23,0,1515.23,3,8,0.5308356748577767
O10899,P617,Home,Supplier B,Delhi,TV,2025-05-22,0,1841.37,3,6,0.5060236127909103
O10916,P290,Home,Supplier C,Chennai,TV,2025-04-29,0,300.35,2,9,0.5517711149579551
O10920,P388,Home,Supplier B,Chennai,Social Media,2025-04-19,0,1418.79,4,5,0.55935730526332
O10922,P631,Books,Supplier C,Bangalore,Website Banner,2025-06-11,0,1607.51,4,7,0.5125164162137372
O10925,P441,Home,Supplier A,Bangalore,TV,2025-06-21,0,1082.01,1,3,0.500183432843538
O10926,P125,Clothing,Supplier A,Bangalore,Social Media,2025-04-06,0,398.74,2,7,0.5255733538265414
O10927,P240,Toys,Supplier C,Bangalore,Website Banner,2025-05-09,0,955.12,2,4,0.5205889836059387
O10929,P644,Books,Supplier C,Chennai,Website Banner,2025-04-13,0,264.05,2,9,0.5383215321378091
O10931,P439,Electronics,Supplier C,Mumbai,TV,2025-06-08,0,1575.27,4,8,0.5299450775971061
O10933,P265,Home,Supplier A,Hyderabad,Social Media,2025-05-01,0,1881.66,4,2,0.5102180911468056
O10936,P309,Electronics,Supplier B,Bangalore,Social Media,2025-06-24,0,1817.51,3,4,0.5146789841202069
O10937,P768,Electronics,Supplier B,Hyderabad,Website Banner,2025-04-02,0,1894.04,2,5,0.5661994476364502
O10938,P898,Electronics,Supplier A,Mumbai,Social Media,2025-04-08,0,1761.46,3,5,0.5351184076535438
O10939,P923,Electronics,Supplier A,Chennai,Website Banner,2025-05-30,0,717.59,3,7,0.6140187186024869
O10940,P325,Clothing,Supplier A,Bangalore,TV,2025-06-04,1,799.56,4,9,0.5681489710543888
O10942,P123,Home,Supplier A,Hyderabad,Social Media,2025-05-27,0,450.73,1,9,0.5575571495825001
O10945,P376,Home,Supplier B,Bangalore,Social Media,2025-05-12,0,1197.43,3,6,0.527657638606967
O10947,P554,Toys,Supplier A,Mumbai,Email,2025-06-13,1,1868.58,2,9,0.5651598930905425
O10950,P138,Toys,Supplier C,Mumbai,TV,2025-04-29,0,1616.54,1,8,0.5448479560577142
O10953,P495,Books,Supplier A,Hyderabad,Website Banner,2025-05-22,0,1942.77,4,3,0.5153707368083721
O10955,P116,Electronics,Supplier B,Bangalore,Website Banner,2025-05-08,0,1791.34,1,3,0.5358910275553439
O10959,P650,Electronics,Supplier B,Bangalore,Social Media,2025-06-26,1,467.33,4,6,0.5099244192072442
O10966,P695,Electronics,Supplier A,Mumbai,TV,2025-05-15,0,1628.92,1,5,0.5313401623068116
O10968,P702,Toys,Supplier C,Hyderabad,Website Banner,2025-04-19,0,394.03,2,9,0.5705855992704203
O10972,P219,Books,Supplier A,Chennai,Social Media,2025-06-21,0,905.02,1,9,0.5569003470835533
O10974,P222,Toys,Supplier A,Mumbai,Email,2025-05-14,1,1943.55,2,6,0.5294296777490891
O10979,P491,Home,Supplier A,Mumbai,TV,2025-04-04,1,473.91,3,6,0.5233994518833914
O10980,P823,Home,Supplier A,Hyderabad,Website Banner,2025-05-05,1,517.96,2,3,0.5248086273051114
O10982,P619,Toys,Supplier A,Bangalore,Social Media,2025-04-02,0,1920.57,1,2,0.521838303595566
O10983,P740,Clothing,Supplier A,Bangalore,Website Banner,2025-04-24,0,1521.4,3,7,0.5924204749759208
O10984,P946,Home,Supplier C,Chennai,Social Media,2025-04-06,0,1391.05,3,3,0.5006850940455986
O10986,P397,Books,Supplier B,Mumbai,Website Banner,2025-06-27,0,429.64,3,8,0.5211501705085384
O10987,P659,Toys,Supplier A,Bangalore,Email,2025-04-18,0,1746.8,4,8,0.5586766241807942
O10991,P806,Home,Supplier B,Delhi,Website Banner,2025-04-30,0,1644.62,4,8,0.5635748017993977
O10992,P852,Toys,Supplier B,Chennai,Website Banner,2025-06-17,0,1722.28,3,3,0.5952417599328992
O10994,P773,Books,Supplier C,Mumbai,Website Banner,2025-05-30,0,1944.85,3,7,0.5138260566856199
O10995,P508,Clothing,Supplier A,Mumbai,Email,2025-06-16,0,1927.33,1,7,0.5142254216685878
O10996,P848,Electronics,Supplier C,Mumbai,Social Media,2025-04-11,0,843.45,4,9,0.5213595417356915
O10997,P744,Electronics,Supplier B,Hyderabad,Website Banner,2025-04-28,0,318.61,4,5,0.533377849542462
O10999,P720,Home,Supplier B,Hyderabad,Social Media,2025-05-20,0,1987.1,2,8,0.5698382925698492
O11000,P273,Toys,Supplier A,Delhi,Website Banner,2025-05-28,0,1213.42,2,4,0.5305198855368056
O11006,P606,Clothing,Supplier C,Delhi,Website Banner,2025-06-19,0,1937.74,3,9,0.5431700492212492
O11007,P639,Electronics,Supplier C,Hyderabad,Social Media,2025-05-29,0,1430.92,1,9,0.5339933933910164
O11009,P454,Clothing,Supplier A,Hyderabad,TV,2025-04-08,0,726.93,1,5,0.5104994168471118
O11010,P483,Electronics,Supplier C,Chennai,Website Banner,2025-05-14,1,342.54,2,7,0.560028771281746
O11011,P542,Home,Supplier B,Chennai,Website Banner,2025-06-05,0,1078.08,4,7,0.613652012292792
O11017,P115,Books,Supplier A,Hyderabad,Social Media,2025-04-04,0,557.57,3,8,0.5043094455665386
O11019,P389,Toys,Supplier B,Chennai,Social Media,2025-06-02,1,1998.77,1,7,0.608410393682795
O11022,P553,Home,Supplier A,Chennai,Social Media,2025-06-01,0,1386.79,4,4,0.5597111777070551
O11024,P756,Electronics,Supplier A,Bangalore,Social Media,2025-05-11,0,588.45,4,8,0.5516086562611189
O11031,P540,Clothing,Supplier A,Bangalore,Social Media,2025-05-15,0,1596.76,1,7,0.5517759649428633
O11032,P916,Electronics,Supplier A,Bangalore,Social Media,2025-05-07,0,1635.58,2,9,0.5841669334068817
O11033,P563,Home,Supplier A,Mumbai,Website Banner,2025-05-27,0,1168.26,2,2,0.522427468754916
O11034,P634,Toys,Supplier A,Mumbai,TV,2025-06-07,0,757.43,2,5,0.5333690273629765
O11035,P262,Electronics,Supplier A,Delhi,Social Media,2025-06-29,0,461.06,2,9,0.5161661011559893
O11036,P349,Clothing,Supplier C,Hyderabad,Website Banner,2025-04-10,0,1526.25,4,3,0.501494861742623
O11039,P612,Clothing,Supplier A,Chennai,Website Banner,2025-06-28,0,215.6,3,6,0.5859607828416302
O11040,P695,Home,Supplier A,Chennai,Social Media,2025-06-21,1,1869.53,3,5,0.5811993001688209
O11043,P875,Electronics,Supplier B,Chennai,Social Media,2025-06-06,1,924.88,3,4,0.5304457645598128
O11044,P738,Home,Supplier A,Chennai,TV,2025-04-27,0,202.44,3,4,0.5332735577148485
O11045,P702,Home,Supplier B,Bangalore,Website Banner,2025-05-13,0,1094.76,3,6,0.563808963658379
O11046,P597,Toys,Supplier A,Chennai,Email,2025-05-05,1,1555.06,3,6,0.5636738400698499
O11047,P134,Home,Supplier B,Chennai,TV,2025-05-05,0,1681.88,1,6,0.5751202304097822
O11049,P149,Electronics,Supplier A,Delhi,Website Banner,2025-05-30,0,1077.89,2,9,0.5693535935788698
O11050,P560,Toys,Supplier B,Bangalore,Website Banner,2025-04-12,0,1335.15,4,7,0.6013553609852886
O11052,P760,Electronics,Supplier A,Delhi,Website Banner,2025-06-17,1,1078.47,4,7,0.5488321413419688
O11053,P568,Electronics,Supplier A,Hyderabad,Website Banner,2025-05-17,0,478.67,3,2,0.5109229192229565
O11055,P616,Home,Supplier B,Bangalore,Website Banner,2025-06-22,0,792.75,3,6,0.556711242892771
O11056,P946,Clothing,Supplier B,Hyderabad,Social Media,2025-06-26,0,962.37,3,7,0.5282167852924348
O11058,P425,Clothing,Supplier B,Hyderabad,Social Media,2025-04-15,0,1825.18,2,4,0.5087614508119686
O11060,P773,Electronics,Supplier A,Chennai,Email,2025-05-16,0,1966.04,2,7,0.5632793792968676
O11061,P671,Electronics,Supplier A,Bangalore,Website Banner,2025-05-26,0,1566.25,2,7,0.5958068168043102
O11062,P533,Toys,Supplier A,Chennai,Social Media,2025-05-22,0,1120.67,1,4,0.5647363709763362
O11063,P417,Electronics,Supplier A,Chennai,Website Banner,2025-06-03,0,1359.25,2,7,0.6263592802896661
O11064,P416,Electronics,Supplier A,Hyderabad,Social Media,2025-04-09,0,384.0,4,5,0.5098053727690383
O11065,P296,Toys,Supplier A,Mumbai,Social Media,2025-05-17,0,1720.14,3,1,0.5043318375718996
O11072,P316,Home,Supplier C,Hyderabad,Website Banner,2025-04-13,0,667.3,4,8,0.5511238562900269
O11073,P251,Home,Supplier A,Delhi,Social Media,2025-05-10,0,974.89,4,8,0.5227526505996879
O11074,P744,Books,Supplier C,Chennai,TV,2025-05-17,0,1041.03,4,8,0.5135662139930194
O11078,P960,Home,Supplier A,Mumbai,TV,2025-06-28,1,1961.2,4,6,0.5607882690671047
O11079,P339,Clothing,Supplier C,Mumbai,Website Banner,2025-04-21,0,1658.03,1,8,0.5556118839011792
O11082,P316,Clothing,Supplier A,Bangalore,Social Media,2025-05-20,0,1108.77,3,6,0.5320701460461754
O11083,P627,Clothing,Supplier C,Chennai,Social Media,2025-04-15,0,1796.79,1,4,0.5113713016539262
O11087,P819,Home,Supplier A,Chennai,Social Media,2025-04-16,0,1183.93,1,8,0.5977475852349649
O11088,P302,Toys,Supplier A,Delhi,Website Banner,2025-04-23,0,1196.28,2,8,0.5799331935326113
O11089,P790,Electronics,Supplier A,Delhi,TV,2025-06-06,0,1093.52,4,7,0.5141965504588027
O11090,P711,Books,Supplier B,Chennai,TV,2025-04-18,0,750.8,3,9,0.5477661433121571
O11092,P557,Clothing,Supplier B,Chennai,Email,2025-05-24,0,1259.45,4,7,0.5327447076215297
O11094,P634,Home,Supplier A,Bangalore,Social Media,2025-04-11,0,1372.12,3,4,0.5203439371488451
O11096,P913,Toys,Supplier B,Delhi,Social Media,2025-06-18,0,1929.31,2,9,0.557803285081743
O11097,P740,Electronics,Supplier C,Chennai,Website Banner,2025-05-22,0,1099.19,2,5,0.5529277539991642
O11098,P134,Toys,Supplier B,Bangalore,Website Banner,2025-06-29,0,401.78,4,3,0.5300077189228863
O11104,P883,Home,Supplier B,Mumbai,TV,2025-05-07,0,1073.24,3,7,0.5365223633257608
O11105,P820,Books,Supplier B,Mumbai,Website Banner,2025-06-27,0,1952.8,3,7,0.5447488064444116
O11106,P519,Electronics,Supplier B,Chennai,Email,2025-04-15,1,214.76,2,9,0.5333026589309904
O11108,P289,Home,Supplier A,Hyderabad,Social Media,2025-04-11,0,1876.02,2,7,0.5683404762700665
O11109,P709,Home,Supplier C,Bangalore,Social Media,2025-04-06,0,1929.84,1,9,0.5476064375829678
O11111,P491,Toys,Supplier A,Mumbai,Website Banner,2025-06-29,1,509.06,3,2,0.5269637320863001
O11115,P963,Toys,Supplier A,Chennai,Website Banner,2025-04-10,0,597.94,3,5,0.6069091063384272
O11116,P111,Toys,Supplier B,Hyderabad,Email,2025-05-20,1,1122.39,1,9,0.5370001649839913
O11117,P806,Books,Supplier C,Bangalore,Website Banner,2025-05-21,0,1182.62,2,9,0.5231985200986764
O11119,P549,Clothing,Supplier A,Hyderabad,TV,2025-04-07,0,506.66,3,6,0.5222607793170626
O11124,P312,Books,Supplier A,Hyderabad,Social Media,2025-04-16,0,1827.92,3,7,0.5219723312031139
O11125,P476,Home,Supplier B,Hyderabad,TV,2025-06-19,1,1998.02,4,5,0.5407939310354776
O11126,P683,Toys,Supplier B,Bangalore,TV,2025-04-20,0,1976.99,1,7,0.5757384769600197
O11128,P940,Toys,Supplier C,Hyderabad,Website Banner,2025-04-14,0,910.39,4,8,0.5746032387508121
O11130,P761,Clothing,Supplier B,Chennai,Website Banner,2025-04-22,0,949.87,2,7,0.5996557741211764
O11133,P424,Toys,Supplier C,Mumbai,Email,2025-04-11,0,1291.16,3,9,0.5093745587679348
O11135,P730,Clothing,Supplier A,Bangalore,Website Banner,2025-06-14,1,244.06,4,4,0.5273528538664212
O11136,P777,Clothing,Supplier A,Hyderabad,Social Media,2025-06-23,0,1623.27,3,6,0.5450081778081335
O11138,P829,Toys,Supplier C,Mumbai,Website Banner,2025-06-16,0,727.68,3,7,0.5505344109903193
O11139,P917,Toys,Supplier B,Chennai,Email,2025-05-15,0,210.66,1,7,0.5264041853441548
O11146,P659,Home,Supplier B,Hyderabad,TV,2025-05-21,0,1329.51,1,8,0.5559502681520528
O11147,P796,Toys,Supplier B,Chennai,Social Media,2025-04-20,0,1611.93,4,5,0.5815730179791228
O11148,P334,Clothing,Supplier A,Mumbai,Website Banner,2025-06-18,0,1366.66,4,6,0.5743057699978964
O11149,P185,Toys,Supplier A,Bangalore,TV,2025-04-20,1,1546.77,3,8,0.5956416756036436
O11152,P563,Home,Supplier C,Chennai,TV,2025-04-12,0,1413.31,4,4,0.51980344086271
O11153,P368,Electronics,Supplier A,Mumbai,Website Banner,2025-04-26,0,586.35,1,4,0.529012940319861
O11156,P635,Electronics,Supplier C,Mumbai,Website Banner,2025-05-31,0,1490.99,1,6,0.5312262471801311
O11157,P314,Electronics,Supplier B,Chennai,Website Banner,2025-05-26,0,1699.28,4,7,0.6252135642562463
O11163,P384,Toys,Supplier C,Chennai,Social Media,2025-04-15,0,1821.2,4,9,0.6053245905455986
O11164,P167,Clothing,Supplier A,Chennai,TV,2025-06-23,0,1682.59,2,5,0.5713480591774753
O11166,P263,Books,Supplier A,Hyderabad,TV,2025-06-17,1,1461.37,3,6,0.5044003818402072
O11168,P885,Clothing,Supplier A,Bangalore,Social Media,2025-05-14,0,1896.68,3,5,0.5382110838140328
O11169,P624,Books,Supplier B,Chennai,Website Banner,2025-05-21,0,1697.94,2,3,0.5277006415637302
O11170,P394,Home,Supplier C,Chennai,Website Banner,2025-06-12,0,1322.1,1,6,0.5709285893214389
O11171,P468,Clothing,Supplier B,Mumbai,Website Banner,2025-06-09,0,1398.29,2,5,0.544725945969306
O11172,P478,Books,Supplier C,Chennai,TV,2025-04-26,0,584.73,4,9,0.5153016432632133
O11173,P886,Clothing,Supplier A,Hyderabad,Website Banner,2025-06-14,1,1383.17,3,3,0.5403808465050811
O11174,P770,Toys,Supplier C,Hyderabad,Social Media,2025-06-07,0,964.42,1,6,0.5056803291740317
O11175,P192,Electronics,Supplier A,Chennai,Website Banner,2025-05-17,0,475.33,4,8,0.622557926399216
O11176,P895,Clothing,Supplier A,Mumbai,Email,2025-06-15,0,1651.53,1,7,0.5076512664111833
O11177,P295,Electronics,Supplier B,Mumbai,Website Banner,2025-05-24,0,1118.44,1,6,0.5530316771521658
O11180,P857,Clothing,Supplier B,Chennai,Email,2025-06-07,0,1065.21,4,8,0.5406880683230058
O11184,P216,Books,Supplier A,Bangalore,Website Banner,2025-06-10,0,717.6,4,8,0.5483541090441008
O11191,P107,Electronics,Supplier B,Delhi,Social Media,2025-05-31,0,1569.19,3,8,0.5184349536771361
O11193,P126,Clothing,Supplier C,Bangalore,TV,2025-05-30,1,1876.82,2,8,0.5326020319971719
O11194,P990,Books,Supplier B,Chennai,TV,2025-05-10,0,1474.19,4,6,0.5294773552271868
O11195,P357,Electronics,Supplier A,Bangalore,Website Banner,2025-06-29,0,1546.26,4,1,0.5252029848952885
O11196,P612,Clothing,Supplier C,Delhi,Website Banner,2025-06-08,0,554.48,4,9,0.5124909795216628
O11197,P326,Books,Supplier A,Hyderabad,Website Banner,2025-06-14,0,1599.13,4,6,0.5449156557754992
O11198,P764,Toys,Supplier A,Bangalore,TV,2025-05-23,0,1697.77,4,1,0.5143035990296808
O11200,P987,Clothing,Supplier C,Bangalore,TV,2025-05-25,0,584.05,4,8,0.5062262119836876
O11201,P955,Toys,Supplier C,Mumbai,Website Banner,2025-05-10,0,893.09,4,6,0.5441226826719435
O11202,P794,Home,Supplier A,Bangalore,Website Banner,2025-06-10,1,1531.29,2,8,0.6095391405429151
O11204,P236,Home,Supplier B,Hyderabad,Social Media,2025-05-01,0,1525.97,3,8,0.5611966334249415
O11206,P610,Toys,Supplier C,Delhi,Website Banner,2025-04-24,0,1650.82,1,7,0.5320070352398574
O11208,P134,Clothing,Supplier C,Delhi,Website Banner,2025-05-31,1,648.07,3,9,0.5125185770588653
O11214,P267,Electronics,Supplier B,Chennai,Email,2025-06-28,0,1833.71,3,5,0.523672432391527
O11215,P326,Home,Supplier A,Chennai,Website Banner,2025-04-16,0,1723.58,4,2,0.5809932056228434
O11220,P288,Clothing,Supplier A,Chennai,TV,2025-06-10,0,810.5,1,9,0.598025961195353
O11221,P281,Toys,Supplier A,Delhi,Website Banner,2025-06-06,0,399.91,4,6,0.540713154134777
O11223,P818,Home,Supplier A,Mumbai,TV,2025-06-27,0,1588.86,1,4,0.5203485651696454
O11229,P917,Books,Supplier B,Hyderabad,Website Banner,2025-04-01,0,1014.09,2,9,0.5506177880964414
O11231,P834,Clothing,Supplier B,Mumbai,Website Banner,2025-05-26,1,410.68,3,9,0.5734378777822924
O11236,P790,Electronics,Supplier C,Chennai,Website Banner,2025-04-06,0,1116.6,2,7,0.5781343296353211
O11237,P547,Electronics,Supplier B,Chennai,Website Banner,2025-04-21,0,1329.6,3,1,0.5411070775866189
O11240,P358,Electronics,Supplier A,Hyderabad,Website Banner,2025-04-05,0,241.66,3,8,0.5802849901799013
O11244,P228,Electronics,Supplier B,Bangalore,Email,2025-04-27,0,1575.78,3,9,0.5308871121612954
O11245,P449,Home,Supplier A,Bangalore,Website Banner,2025-04-11,0,1086.81,4,4,0.5544598434521725
O11247,P593,Clothing,Supplier A,Bangalore,Social Media,2025-04-11,0,464.44,4,9,0.5565658932474556
O11248,P445,Books,Supplier A,Mumbai,Website Banner,2025-05-31,0,1193.89,2,6,0.5256652202385355
O11249,P895,Toys,Supplier B,Bangalore,Social Media,2025-05-28,0,1555.07,3,9,0.5911068451778058
O11250,P365,Toys,Supplier A,Chennai,Website Banner,2025-04-21,1,707.6,4,9,0.6582531194587284
O11251,P605,Home,Supplier C,Bangalore,Website Banner,2025-06-20,1,593.83,3,7,0.5339294088768058
O11252,P101,Clothing,Supplier C,Mumbai,TV,2025-06-12,1,1139.48,2,9,0.5231362143017311
O11254,P353,Home,Supplier B,Hyderabad,Social Media,2025-04-30,0,1399.9,1,5,0.5162272374005072
O11255,P932,Books,Supplier A,Bangalore,Social Media,2025-05-10,0,1289.62,3,8,0.5210093349833217
O11256,P788,Toys,Supplier A,Mumbai,Social Media,2025-06-16,0,356.75,2,4,0.5074690704243355
O11257,P541,Home,Supplier A,Hyderabad,Email,2025-05-10,0,265.74,4,9,0.5189193230031554
O11258,P613,Home,Supplier A,Hyderabad,TV,2025-04-29,1,1316.52,3,7,0.5610997280544427
O11259,P430,Electronics,Supplier C,Chennai,Social Media,2025-06-08,0,729.73,4,7,0.53498363392993
O11261,P688,Electronics,Supplier B,Mumbai,Website Banner,2025-04-27,0,1566.97,3,4,0.5429930789782295
O11262,P685,Clothing,Supplier A,Mumbai,Social Media,2025-06-22,1,765.28,3,7,0.5319676683776795
O11263,P196,Electronics,Supplier A,Bangalore,Social Media,2025-06-18,0,1027.28,4,5,0.5243824100516401
O11266,P944,Home,Supplier A,Hyderabad,Social Media,2025-06-21,1,742.68,1,7,0.5394559327893669
O11267,P203,Books,Supplier A,Hyderabad,Website Banner,2025-05-26,0,1942.44,1,6,0.5464768302489645
O11268,P374,Electronics,Supplier A,Chennai,Email,2025-04-18,0,1465.31,1,7,0.5493136913349099
O11271,P455,Clothing,Supplier A,Chennai,Website Banner,2025-06-25,0,893.76,4,2,0.5545073026653815
O11273,P914,Toys,Supplier A,Hyderabad,Website Banner,2025-05-29,1,1715.48,4,7,0.6237146519459307
O11281,P786,Clothing,Supplier C,Chennai,Social Media,2025-06-16,0,726.4,1,9,0.5487850316782579
O11283,P656,Clothing,Supplier A,Chennai,Email,2025-04-17,0,1610.01,1,9,0.5729924736332329
O11287,P945,Clothing,Supplier A,Chennai,TV,2025-06-15,0,215.06,3,5,0.5389652290367103
O11291,P821,Toys,Supplier A,Hyderabad,Website Banner,2025-04-03,0,1121.63,3,4,0.5716169136402894
O11293,P753,Clothing,Supplier A,Chennai,Social Media,2025-04-17,0,1374.7,4,2,0.5272460174567487
O11295,P480,Clothing,Supplier A,Chennai,Website Banner,2025-05-23,0,1146.04,2,5,0.593090741192831
O11296,P379,Electronics,Supplier C,Chennai,Website Banner,2025-06-08,0,1093.96,4,5,0.5571598012315904
O11298,P986,Toys,Supplier C,Hyderabad,TV,2025-04-25,0,1856.49,4,6,0.537273415868734
O11299,P656,Toys,Supplier C,Chennai,Website Banner,2025-04-21,0,993.38,1,2,0.5311187040161928
O11300,P758,Books,Supplier A,Hyderabad,Social Media,2025-06-22,0,1990.21,4,7,0.5280317892567822
O11301,P121,Clothing,Supplier A,Delhi,Website Banner,2025-06-09,0,956.13,3,4,0.5013640583558929
O11306,P491,Toys,Supplier B,Hyderabad,Email,2025-05-14,1,1704.02,1,5,0.5004632151035636
O11308,P526,Toys,Supplier A,Bangalore,TV,2025-05-10,0,1683.52,4,4,0.5516396285725329
O11310,P233,Electronics,Supplier A,Chennai,Social Media,2025-05-17,0,1698.83,1,4,0.5580108643959721
O11311,P946,Books,Supplier A,Bangalore,TV,2025-04-07,0,561.49,2,9,0.5178385030568512
O11312,P408,Clothing,Supplier A,Chennai,Email,2025-05-24,0,1013.68,3,8,0.5509089753007521
O11313,P582,Electronics,Supplier A,Hyderabad,TV,2025-06-03,0,1445.32,4,3,0.5136507853560702
O11324,P898,Clothing,Supplier B,Hyderabad,Website Banner,2025-06-09,0,1671.34,4,2,0.5231691951823805
O11325,P553,Home,Supplier A,Mumbai,Social Media,2025-04-16,0,1879.81,1,7,0.5610742068918209
O11326,P456,Home,Supplier B,Mumbai,Website Banner,2025-04-07,0,1889.05,1,7,0.5859204144966977
O11327,P702,Toys,Supplier C,Chennai,Website Banner,2025-06-27,0,1845.48,2,1,0.5409735803787555
O11333,P432,Electronics,Supplier B,Chennai,TV,2025-04-12,0,918.79,4,7,0.5736345534370985
O11334,P242,Toys,Supplier B,Hyderabad,Website Banner,2025-05-03,0,532.49,1,9,0.6015746037870312
O11337,P327,Electronics,Supplier C,Mumbai,Website Banner,2025-05-23,1,1727.82,2,6,0.5390396993262018
O11340,P159,Electronics,Supplier C,Hyderabad,Website Banner,2025-04-01,0,1105.12,2,9,0.5669965363698037
O11342,P133,Home,Supplier B,Mumbai,Social Media,2025-04-11,1,1896.02,1,7,0.5478791003305015
O11345,P788,Toys,Supplier A,Chennai,TV,2025-05-22,0,484.63,1,8,0.6027014291426284
O11346,P724,Clothing,Supplier B,Chennai,Social Media,2025-06-03,1,809.35,1,7,0.5562911539106742
O11354,P870,Toys,Supplier A,Mumbai,TV,2025-04-16,1,970.62,3,3,0.515464537764584
O11356,P435,Home,Supplier A,Delhi,Website Banner,2025-05-13,0,250.13,3,5,0.5043441708097858
O11357,P479,Clothing,Supplier B,Chennai,TV,2025-06-08,1,1649.03,2,4,0.5445594957846
O11361,P537,Home,Supplier C,Chennai,Website Banner,2025-05-17,0,1954.42,3,9,0.6259830202627009
O11365,P563,Clothing,Supplier A,Hyderabad,TV,2025-04-24,1,1751.79,1,5,0.5348854931372905
O11368,P894,Toys,Supplier A,Bangalore,TV,2025-05-17,1,1104.09,3,4,0.535740501270673
O11369,P784,Home,Supplier A,Hyderabad,Website Banner,2025-04-10,0,1498.68,4,9,0.6255936986110233
O11372,P749,Books,Supplier A,Chennai,TV,2025-06-07,0,1725.33,3,4,0.5217859032811448
O11383,P719,Home,Supplier A,Bangalore,TV,2025-06-16,0,859.62,1,8,0.5577159587684571
O11385,P174,Books,Supplier C,Bangalore,Website Banner,2025-06-10,0,1935.89,1,6,0.501118379296048
O11386,P519,Electronics,Supplier B,Hyderabad,Website Banner,2025-04-13,0,406.18,1,3,0.5036649870365515
O11387,P771,Electronics,Supplier B,Bangalore,Website Banner,2025-04-06,0,765.89,4,8,0.5804986293302682
O11388,P300,Home,Supplier A,Mumbai,Social Media,2025-06-05,0,1658.23,2,4,0.5204325848856525
O11389,P769,Toys,Supplier B,Bangalore,Website Banner,2025-06-01,0,679.09,2,3,0.5322038715224681
O11391,P155,Electronics,Supplier C,Mumbai,Website Banner,2025-04-15,0,1685.68,1,6,0.5358483760015283
O11393,P849,Home,Supplier B,Mumbai,Social Media,2025-06-05,1,1202.39,1,7,0.5314427199891941
O11395,P659,Home,Supplier B,Hyderabad,Social Media,2025-05-06,0,917.42,2,8,0.5446682576532342
O11396,P135,Clothing,Supplier A,Hyderabad,Social Media,2025-04-22,1,506.23,2,7,0.5288730846903885
O11398,P537,Electronics,Supplier A,Chennai,Social Media,2025-04-27,0,1592.25,1,8,0.6046381522659173
O11399,P364,Home,Supplier C,Mumbai,TV,2025-04-02,1,1775.22,2,9,0.5453871623453685
O11400,P943,Home,Supplier B,Hyderabad,Website Banner,2025-05-14,0,247.88,3,5,0.5320452138894142
O11405,P573,Toys,Supplier C,Mumbai,Website Banner,2025-04-29,0,545.66,3,4,0.5085090713713272
O11406,P423,Books,Supplier B,Chennai,Website Banner,2025-06-04,1,1349.02,3,7,0.5715925043890723
O11407,P980,Clothing,Supplier B,Chennai,TV,2025-06-27,1,1378.22,3,7,0.5776473665291505
O11408,P144,Home,Supplier A,Delhi,Website Banner,2025-05-05,1,1917.37,1,5,0.539613426178986
O11410,P938,Home,Supplier B,Mumbai,Social Media,2025-05-18,0,1646.54,1,8,0.5544783373374307
O11411,P800,Home,Supplier C,Bangalore,TV,2025-04-28,1,1156.88,3,7,0.5122601891112921
O11412,P448,Toys,Supplier C,Bangalore,Social Media,2025-06-05,1,536.21,4,7,0.513950727276176
O11414,P953,Electronics,Supplier A,Mumbai,Website Banner,2025-04-06,0,1189.08,1,7,0.580568108766005
O11415,P745,Home,Supplier A,Mumbai,TV,2025-05-04,0,1421.15,1,7,0.5540054481883248
O11418,P786,Toys,Supplier A,Hyderabad,Website Banner,2025-06-12,1,677.56,4,7,0.6002085517234355
O11420,P981,Electronics,Supplier A,Hyderabad,Email,2025-04-25,0,1448.92,4,7,0.5193450561091929
O11421,P260,Electronics,Supplier A,Mumbai,TV,2025-04-10,0,1361.72,3,5,0.5293838240632206
O11425,P734,Clothing,Supplier B,Mumbai,Email,2025-06-14,0,1567.5,2,8,0.5067297220658119
O11426,P323,Toys,Supplier C,Hyderabad,TV,2025-04-02,0,1592.57,4,8,0.556049884442746
O11429,P211,Clothing,Supplier B,Delhi,Social Media,2025-05-24,0,872.34,4,9,0.5120000079973571
O11430,P836,Clothing,Supplier B,Bangalore,Social Media,2025-04-28,1,1463.5,3,8,0.5518833648528338
O11432,P324,Toys,Supplier B,Hyderabad,Website Banner,2025-05-30,1,1438.82,3,4,0.5655566710506547
O11434,P318,Toys,Supplier B,Mumbai,Website Banner,2025-05-04,1,1025.58,2,6,0.573306269080895
O11438,P566,Clothing,Supplier B,Hyderabad,Website Banner,2025-06-26,0,1324.9,4,2,0.5149193183190406
O11439,P717,Books,Supplier A,Chennai,TV,2025-05-31,1,373.86,2,8,0.5377684975875604
O11441,P869,Home,Supplier B,Hyderabad,Website Banner,2025-05-21,0,1623.39,4,6,0.5790476061559408
O11442,P891,Clothing,Supplier A,Chennai,Email,2025-05-03,0,873.07,1,8,0.5432158531180168
O11443,P979,Home,Supplier A,Chennai,Website Banner,2025-05-10,1,1213.06,2,9,0.648817709584099
O11445,P980,Home,Supplier C,Chennai,Social Media,2025-05-18,0,274.21,1,9,0.5452310121862989
O11448,P843,Electronics,Supplier A,Mumbai,TV,2025-06-04,0,1733.87,4,8,0.577718880124785
O11449,P837,Home,Supplier C,Hyderabad,Social Media,2025-04-09,0,1206.53,2,8,0.5208207530226947
O11450,P596,Toys,Supplier B,Hyderabad,Website Banner,2025-04-02,0,1157.84,2,4,0.5567849099028462
O11451,P734,Electronics,Supplier B,Chennai,Social Media,2025-06-09,1,924.16,3,8,0.5802422493291328
O11454,P582,Electronics,Supplier B,Hyderabad,TV,2025-05-01,0,1569.22,2,5,0.5236793597102175
O11460,P885,Clothing,Supplier C,Mumbai,TV,2025-06-13,0,1586.87,4,9,0.5381566878999022
O11461,P757,Toys,Supplier C,Bangalore,Website Banner,2025-04-12,1,1310.27,1,7,0.5643637049280308
O11462,P847,Home,Supplier C,Chennai,Website Banner,2025-06-16,0,1277.55,2,1,0.509456384390356
O11465,P257,Home,Supplier C,Chennai,Website Banner,2025-04-19,0,1630.64,2,2,0.5304593114096746
O11467,P214,Clothing,Supplier B,Chennai,Website Banner,2025-04-03,1,1160.34,2,4,0.567751098465301
O11468,P830,Electronics,Supplier A,Bangalore,Email,2025-04-24,0,382.28,3,9,0.516198744807259
O11471,P799,Clothing,Supplier C,Chennai,Email,2025-05-16,0,1654.34,2,7,0.5069502978197244
O11472,P579,Home,Supplier A,Chennai,Social Media,2025-04-15,0,862.55,3,9,0.6067190746431781
O11479,P419,Toys,Supplier C,Chennai,Email,2025-05-05,1,1137.03,3,6,0.5094602338790968
O11482,P800,Home,Supplier A,Bangalore,Website Banner,2025-04-08,0,1464.35,1,8,0.6059148196371525
O11484,P150,Electronics,Supplier B,Delhi,Website Banner,2025-06-21,0,1972.36,4,9,0.5810808385240842
O11485,P705,Electronics,Supplier C,Chennai,Social Media,2025-04-02,0,448.88,2,7,0.5239160714223967
O11486,P708,Clothing,Supplier A,Bangalore,TV,2025-06-25,0,973.53,2,9,0.5678939713153459
O11489,P210,Home,Supplier B,Bangalore,Website Banner,2025-06-02,0,1394.84,4,3,0.5356024812606041
O11490,P609,Home,Supplier B,Chennai,Social Media,2025-05-08,0,1081.69,3,4,0.5367097704526815
O11493,P326,Clothing,Supplier B,Bangalore,Social Media,2025-05-26,0,1985.06,3,8,0.564153617988262
O11494,P324,Toys,Supplier B,Chennai,Website Banner,2025-04-14,0,1869.61,2,5,0.6205459064057459
O11499,P986,Toys,Supplier B,Chennai,Email,2025-04-08,0,726.7,2,4,0.5030830815027385
O11500,P303,Toys,Supplier B,Chennai,Website Banner,2025-05-22,1,844.01,1,6,0.6072311799391217
O11502,P743,Toys,Supplier A,Bangalore,Website Banner,2025-06-21,0,1480.03,3,8,0.6275121590195613
O11505,P285,Toys,Supplier B,Hyderabad,Social Media,2025-05-08,0,1899.61,3,2,0.5127633452796143
O11509,P760,Clothing,Supplier B,Chennai,Social Media,2025-04-24,0,520.44,4,6,0.5435244770633963
O11510,P699,Home,Supplier B,Mumbai,TV,2025-05-22,0,1684.43,2,7,0.5488032166819939
O11512,P857,Clothing,Supplier C,Hyderabad,Website Banner,2025-04-12,0,1874.66,1,9,0.5782557914170477
O11514,P615,Toys,Supplier A,Delhi,Website Banner,2025-05-23,0,1743.79,4,1,0.5097570935108997
O11515,P468,Toys,Supplier A,Mumbai,Website Banner,2025-06-02,0,679.22,1,8,0.6009466474552546
O11516,P526,Home,Supplier C,Chennai,Social Media,2025-06-23,0,1126.15,1,8,0.5528553063018485
O11517,P897,Home,Supplier A,Delhi,TV,2025-04-10,1,392.39,4,7,0.5000323097290397
O11518,P996,Toys,Supplier C,Delhi,Website Banner,2025-05-19,0,1388.21,4,8,0.5448987554867742
O11520,P772,Toys,Supplier B,Chennai,Social Media,2025-06-12,0,1493.21,4,3,0.554027649367881
O11521,P439,Books,Supplier A,Hyderabad,Social Media,2025-06-03,1,1141.87,2,9,0.5286274079627312
O11523,P235,Electronics,Supplier B,Bangalore,Website Banner,2025-05-25,0,1880.19,4,8,0.6061405777294623
O11525,P547,Home,Supplier B,Bangalore,Website Banner,2025-04-26,0,1542.56,3,7,0.5865759083336907
O11528,P339,Clothing,Supplier B,Chennai,TV,2025-04-12,0,994.01,1,6,0.5519026630928081
O11531,P570,Toys,Supplier A,Hyderabad,Email,2025-06-06,0,1737.23,1,4,0.5023773152631893
O11532,P915,Electronics,Supplier A,Hyderabad,TV,2025-04-15,0,1644.43,2,4,0.5265877361044414
O11533,P109,Home,Supplier A,Chennai,Website Banner,2025-06-18,0,274.47,2,7,0.6042868462642139
O11538,P785,Home,Supplier C,Bangalore,Social Media,2025-06-20,0,1772.88,4,6,0.5127613853481434
O11541,P591,Toys,Supplier B,Bangalore,Email,2025-06-26,1,1839.58,2,5,0.5051542007285813
O11542,P571,Home,Supplier B,Chennai,Website Banner,2025-04-25,0,1665.74,1,2,0.5596934195585658
O11543,P781,Home,Supplier C,Chennai,TV,2025-06-01,0,1135.4,4,3,0.5005671685199002
O11545,P975,Electronics,Supplier A,Delhi,TV,2025-06-17,0,1140.85,3,6,0.500505834482115
O11547,P436,Toys,Supplier A,Hyderabad,Social Media,2025-06-27,1,424.53,1,4,0.5121555228759163
O11550,P785,Books,Supplier A,Bangalore,Website Banner,2025-04-21,0,1874.95,4,5,0.5381754911460304
O11551,P866,Home,Supplier A,Bangalore,Website Banner,2025-06-12,0,1639.42,2,7,0.5999398960342059
O11552,P827,Toys,Supplier B,Hyderabad,Website Banner,2025-06-12,0,979.04,1,1,0.5127030052621094
O11556,P738,Home,Supplier A,Mumbai,Website Banner,2025-04-01,0,1644.98,3,8,0.6099061416334786
O11558,P788,Electronics,Supplier A,Chennai,Website Banner,2025-04-24,0,275.28,4,5,0.5817372413100365
O11563,P584,Home,Supplier A,Bangalore,Email,2025-06-08,0,1191.1,2,9,0.5357806746198976
O11568,P288,Toys,Supplier A,Bangalore,Email,2025-04-27,0,1929.63,2,6,0.533611118573554
O11569,P643,Home,Supplier C,Bangalore,Social Media,2025-06-25,0,1807.4,2,9,0.5468971869328447
O11570,P205,Toys,Supplier A,Mumbai,TV,2025-05-22,0,1494.52,2,5,0.5508210383282853
O11572,P472,Electronics,Supplier A,Bangalore,Website Banner,2025-06-24,0,1440.67,1,5,0.5661782457503002
O11573,P794,Books,Supplier B,Hyderabad,TV,2025-06-28,0,1890.4,2,9,0.5364786253497165
O11575,P119,Home,Supplier A,Mumbai,TV,2025-06-14,1,1163.22,2,8,0.562559446994886
O11577,P233,Toys,Supplier C,Delhi,Social Media,2025-05-11,0,1422.64,4,8,0.5069192716413004
O11578,P891,Home,Supplier A,Bangalore,TV,2025-05-09,0,654.1,1,6,0.5278064860580172
O11579,P779,Books,Supplier B,Bangalore,Website Banner,2025-04-28,0,1256.12,2,5,0.5053418525413786
O11580,P526,Toys,Supplier A,Hyderabad,Email,2025-05-17,1,1632.64,4,7,0.5442368941531072
O11582,P849,Toys,Supplier B,Chennai,TV,2025-04-25,1,1627.94,2,3,0.5565750409459462
O11584,P441,Home,Supplier A,Delhi,Social Media,2025-05-28,0,1889.77,4,9,0.5569574415565968
O11585,P202,Toys,Supplier C,Hyderabad,TV,2025-06-02,0,1161.07,2,7,0.5289358449618483
O11587,P861,Electronics,Supplier B,Hyderabad,Website Banner,2025-04-15,0,256.45,2,7,0.5525791544895792
O11588,P781,Toys,Supplier B,Bangalore,TV,2025-05-02,0,506.48,4,5,0.5226163038894182
O11590,P326,Toys,Supplier A,Chennai,Email,2025-04-28,0,955.77,1,6,0.5451968804107752
O11591,P896,Electronics,Supplier C,Chennai,TV,2025-05-14,1,1114.69,3,7,0.5456641890879174
O11592,P726,Electronics,Supplier A,Chennai,Social Media,2025-06-25,0,313.35,4,8,0.5815846760726698
O11594,P429,Books,Supplier B,Chennai,Social Media,2025-06-20,0,1612.11,2,8,0.5496907353893307
O11596,P863,Clothing,Supplier A,Chennai,TV,2025-06-17,0,1341.79,1,2,0.5236320467375746
O11598,P665,Books,Supplier B,Hyderabad,TV,2025-04-01,1,1353.54,1,9,0.5215226169947577
O11599,P526,Electronics,Supplier A,Hyderabad,Website Banner,2025-05-11,0,758.72,3,6,0.5676614760428821
O11600,P474,Books,Supplier A,Bangalore,Website Banner,2025-06-17,0,1381.0,1,4,0.5072374940130594
O11606,P223,Electronics,Supplier A,Chennai,Social Media,2025-06-21,1,1879.96,2,8,0.6132731826816441
O11607,P896,Toys,Supplier C,Mumbai,Website Banner,2025-04-29,0,800.32,4,9,0.5792093050678567
O11608,P197,Electronics,Supplier A,Hyderabad,Website Banner,2025-04-03,0,594.15,3,9,0.6006188762199762
O11609,P558,Home,Supplier A,Bangalore,Website Banner,2025-06-26,0,1093.79,2,2,0.5251753478832674
O11613,P263,Toys,Supplier B,Chennai,TV,2025-04-10,0,437.72,3,1,0.5053997845743536
O11614,P410,Electronics,Supplier C,Bangalore,Website Banner,2025-04-05,1,678.61,3,6,0.5208197439873998
O11616,P985,Toys,Supplier A,Hyderabad,Email,2025-06-11,0,254.53,1,9,0.5300755030018733
O11618,P164,Clothing,Supplier B,Hyderabad,Social Media,2025-04-29,0,1319.28,2,9,0.5595086247215906
O11620,P273,Toys,Supplier A,Bangalore,TV,2025-04-08,1,1182.89,2,2,0.510237188952865
O11621,P725,Electronics,Supplier C,Hyderabad,Website Banner,2025-05-02,0,1262.56,1,6,0.5310554203177191
O11622,P643,Clothing,Supplier C,Chennai,Social Media,2025-04-08,0,1882.37,4,8,0.5700393914836894
O11625,P446,Electronics,Supplier A,Bangalore,Website Banner,2025-05-07,1,544.69,2,6,0.5597376621308402
O11628,P200,Books,Supplier B,Chennai,TV,2025-06-07,0,1409.5,1,6,0.5213427653922477
O11632,P956,Clothing,Supplier B,Mumbai,Website Banner,2025-06-06,0,759.49,2,8,0.5670616700139596
O11637,P319,Toys,Supplier B,Mumbai,Website Banner,2025-05-23,0,1717.72,3,7,0.6036441650855534
O11638,P933,Electronics,Supplier B,Mumbai,Website Banner,2025-04-11,1,1065.76,3,2,0.5059083234107761
O11641,P657,Home,Supplier B,Mumbai,Social Media,2025-06-15,0,1167.99,2,5,0.5076298101889756
O11646,P168,Clothing,Supplier B,Hyderabad,Website Banner,2025-05-19,1,426.9,3,3,0.5039223330785514
O11647,P322,Toys,Supplier A,Chennai,Email,2025-06-01,0,1775.38,4,9,0.6076267794900498
O11649,P223,Toys,Supplier A,Mumbai,Email,2025-04-27,0,927.86,1,8,0.5282444954911649
O11652,P117,Home,Supplier B,Hyderabad,Social Media,2025-04-21,0,1868.25,2,7,0.554625645928152
O11653,P929,Toys,Supplier B,Bangalore,TV,2025-04-06,0,875.68,4,4,0.5188087905042233
O11654,P520,Toys,Supplier B,Mumbai,TV,2025-04-29,1,634.85,2,9,0.5668277530058181
O11655,P698,Clothing,Supplier A,Hyderabad,TV,2025-04-26,1,1198.76,1,7,0.5468533388584086
O11658,P202,Electronics,Supplier A,Delhi,TV,2025-04-15,1,1336.48,3,6,0.5051711193966544
O11659,P145,Toys,Supplier B,Chennai,Website Banner,2025-05-23,0,1273.73,3,6,0.6211226097487015
O11661,P617,Home,Supplier B,Chennai,Social Media,2025-06-12,0,1012.56,2,5,0.5454163359677506
O11662,P825,Clothing,Supplier A,Bangalore,Website Banner,2025-06-27,0,644.53,1,3,0.5176913841157971
O11663,P618,Toys,Supplier B,Hyderabad,Social Media,2025-05-05,0,1621.79,1,2,0.501731819541611
O11664,P683,Toys,Supplier C,Mumbai,Website Banner,2025-06-08,0,1342.16,1,3,0.5104759981511333
O11666,P577,Electronics,Supplier B,Bangalore,Website Banner,2025-04-24,0,906.55,4,3,0.5214519111542563
O11672,P117,Books,Supplier A,Hyderabad,Social Media,2025-05-27,0,1007.06,1,8,0.5106188676490517
O11673,P283,Books,Supplier A,Chennai,Website Banner,2025-05-12,0,660.96,2,6,0.5543805157577791
O11674,P839,Books,Supplier A,Bangalore,Website Banner,2025-06-02,0,416.61,1,7,0.5220811929877723
O11676,P200,Toys,Supplier B,Bangalore,TV,2025-05-28,0,1563.43,4,6,0.5601643461010996
O11678,P544,Clothing,Supplier A,Chennai,Social Media,2025-05-05,1,300.21,2,6,0.5475707648618711
O11682,P141,Home,Supplier A,Hyderabad,Website Banner,2025-05-10,0,809.56,1,9,0.6037630644175639
O11684,P619,Toys,Supplier C,Mumbai,TV,2025-06-02,1,946.07,4,7,0.522957162006044
O11686,P829,Home,Supplier A,Hyderabad,Email,2025-04-27,0,1713.88,4,8,0.5407546957414857
O11690,P928,Electronics,Supplier A,Chennai,Website Banner,2025-04-23,0,1006.36,2,8,0.6302854576506662
O11691,P599,Toys,Supplier A,Chennai,TV,2025-04-12,0,539.96,4,6,0.5860143514987248
O11696,P116,Toys,Supplier A,Chennai,Social Media,2025-06-20,1,1490.56,1,2,0.5485319617692053
O11697,P279,Books,Supplier A,Hyderabad,Website Banner,2025-06-15,1,1778.03,2,8,0.5696763170238959
O11699,P832,Toys,Supplier B,Chennai,Website Banner,2025-05-13,0,1652.95,3,3,0.5936473418561266
O11700,P810,Toys,Supplier A,Mumbai,TV,2025-04-21,0,1563.32,2,3,0.5273726833242313
O11701,P485,Toys,Supplier C,Chennai,Website Banner,2025-05-19,1,842.49,3,1,0.5193406334926209
O11702,P967,Toys,Supplier C,Delhi,Website Banner,2025-06-09,1,1981.14,4,5,0.5212908377023893
O11705,P555,Home,Supplier A,Mumbai,Website Banner,2025-05-15,0,1590.07,2,9,0.6185357540999457
O11706,P545,Electronics,Supplier C,Chennai,Social Media,2025-05-20,1,982.38,4,6,0.5284166218613081
O11707,P318,Toys,Supplier A,Hyderabad,TV,2025-06-17,0,795.43,3,6,0.5542104990997536
O11710,P404,Clothing,Supplier C,Chennai,TV,2025-06-29,0,1615.38,3,7,0.5528883754837043
O11711,P955,Toys,Supplier B,Hyderabad,TV,2025-04-02,0,1219.82,4,3,0.5151474004676441
O11712,P549,Clothing,Supplier A,Chennai,Website Banner,2025-05-16,0,1923.16,1,2,0.5721540596468208
O11713,P745,Clothing,Supplier A,Delhi,Website Banner,2025-05-03,0,772.69,1,5,0.5051993162135395
O11715,P798,Clothing,Supplier B,Chennai,Social Media,2025-05-10,0,1419.44,4,5,0.5522641323026215
O11716,P594,Home,Supplier C,Mumbai,TV,2025-06-17,0,1565.14,4,9,0.5447906939402076
O11718,P144,Clothing,Supplier A,Chennai,TV,2025-06-28,0,337.9,4,4,0.5315175373130997
O11719,P671,Books,Supplier B,Hyderabad,Website Banner,2025-06-06,0,1658.93,4,5,0.5200924237259715
O11723,P352,Clothing,Supplier A,Mumbai,Email,2025-04-29,1,1994.01,2,8,0.5306044480310353
O11725,P543,Electronics,Supplier C,Chennai,Website Banner,2025-04-24,0,1124.09,3,3,0.5306486615059799
O11726,P199,Home,Supplier A,Mumbai,Social Media,2025-05-30,0,1685.58,4,2,0.5002671073702911
O11728,P548,Toys,Supplier C,Hyderabad,Website Banner,2025-05-20,0,1882.64,2,1,0.5056096257754691
O11730,P477,Toys,Supplier C,Mumbai,Social Media,2025-06-15,1,1358.62,3,5,0.5015952165235517
O11732,P397,Books,Supplier A,Hyderabad,Website Banner,2025-05-07,1,1041.24,3,4,0.5042899563667932
O11733,P362,Books,Supplier A,Bangalore,Website Banner,2025-05-23,0,1327.67,4,6,0.5377451340435053
O11735,P600,Electronics,Supplier B,Hyderabad,Social Media,2025-05-08,1,1944.27,2,7,0.5538945218443917
O11736,P731,Toys,Supplier B,Delhi,Social Media,2025-04-17,0,1041.12,1,7,0.5094376219198116
O11738,P773,Electronics,Supplier C,Chennai,TV,2025-04-08,0,1000.65,2,9,0.5657230935792774
O11740,P598,Clothing,Supplier A,Hyderabad,Website Banner,2025-06-03,1,1333.86,1,8,0.5967437494943902
O11741,P637,Electronics,Supplier B,Mumbai,Social Media,2025-04-19,0,232.1,4,8,0.5250027020861776
O11743,P567,Electronics,Supplier B,Delhi,Website Banner,2025-05-18,1,359.28,3,6,0.5032723835577612
O11744,P831,Electronics,Supplier A,Chennai,TV,2025-05-07,1,247.49,3,6,0.5568355128706346
O11745,P912,Toys,Supplier B,Bangalore,Social Media,2025-04-24,0,1624.15,2,5,0.5410107993504463
O11751,P619,Toys,Supplier B,Mumbai,TV,2025-05-24,0,1088.36,1,3,0.5001276358333229
O11752,P471,Toys,Supplier B,Chennai,TV,2025-04-05,0,1785.2,4,4,0.576979377836355
O11754,P304,Home,Supplier B,Chennai,Social Media,2025-06-28,0,683.66,2,3,0.5124576951949017
O11756,P430,Home,Supplier A,Chennai,Social Media,2025-05-13,0,1482.99,1,8,0.6045875823888676
O11757,P357,Clothing,Supplier B,Bangalore,Social Media,2025-05-05,0,1199.01,2,8,0.5434489011100595
O11759,P914,Clothing,Supplier B,Bangalore,Social Media,2025-06-13,0,1283.9,2,6,0.5203341978468569
O11760,P717,Toys,Supplier A,Mumbai,TV,2025-05-28,1,1087.43,4,4,0.5330303119264442
O11761,P265,Electronics,Supplier B,Chennai,Social Media,2025-06-21,0,1614.35,4,9,0.6103778682600147
O11763,P693,Books,Supplier B,Bangalore,Website Banner,2025-04-20,0,840.52,3,8,0.5354322728930038
O11765,P446,Home,Supplier B,Mumbai,Social Media,2025-04-14,0,1309.19,3,6,0.5257981505885229
O11767,P434,Electronics,Supplier B,Chennai,Social Media,2025-06-13,0,1980.53,3,2,0.5303837564207713
O11769,P186,Toys,Supplier B,Hyderabad,Social Media,2025-04-23,1,333.8,4,9,0.5655807941434952
O11770,P277,Toys,Supplier A,Chennai,Website Banner,2025-06-19,0,1959.26,2,5,0.6353833825613556
O11772,P454,Home,Supplier B,Bangalore,TV,2025-05-05,0,520.85,3,5,0.5027061468885506
O11776,P814,Books,Supplier A,Hyderabad,TV,2025-06-06,0,1831.5,4,5,0.5028129278935837
O11777,P327,Electronics,Supplier A,Bangalore,TV,2025-04-02,0,1154.21,4,9,0.5809602011059378
O11779,P897,Toys,Supplier A,Bangalore,Website Banner,2025-05-05,1,864.3,3,8,0.6136833876332495
O11781,P821,Toys,Supplier C,Chennai,Website Banner,2025-06-04,1,513.53,3,9,0.6105978233116747
O11785,P855,Clothing,Supplier C,Chennai,Website Banner,2025-06-02,0,1448.99,1,5,0.5544028846379455
O11786,P244,Clothing,Supplier B,Chennai,Social Media,2025-06-22,1,1791.57,3,7,0.5835723587056957
O11787,P775,Electronics,Supplier A,Delhi,Website Banner,2025-06-03,0,1049.81,1,7,0.5415953615251626
O11790,P861,Clothing,Supplier B,Delhi,Website Banner,2025-04-11,0,1287.57,4,8,0.5480585696227577
O11791,P115,Books,Supplier B,Chennai,Email,2025-06-29,0,1783.73,3,9,0.5276567695576099
O11792,P619,Electronics,Supplier A,Hyderabad,Website Banner,2025-05-31,0,784.39,3,2,0.5182075460518872
O11803,P633,Toys,Supplier B,Mumbai,Website Banner,2025-05-05,0,1523.04,1,6,0.5827300586237308
O11806,P687,Home,Supplier A,Delhi,Website Banner,2025-05-01,0,1184.02,1,9,0.5721753773726893
O11807,P254,Home,Supplier C,Bangalore,TV,2025-05-04,0,1476.73,1,6,0.5028628983549086
O11808,P157,Clothing,Supplier A,Chennai,TV,2025-06-22,0,290.06,3,6,0.5532492521075612
O11810,P420,Clothing,Supplier A,Delhi,Website Banner,2025-06-01,0,1644.82,1,6,0.5385407531447897
O11813,P314,Home,Supplier A,Bangalore,Website Banner,2025-04-18,0,1307.41,1,8,0.6023343808905565
O11814,P365,Clothing,Supplier B,Hyderabad,Website Banner,2025-05-24,0,997.72,4,9,0.594310494616081
O11815,P159,Toys,Supplier B,Mumbai,Social Media,2025-05-04,0,1338.85,3,3,0.5067351765754673
O11816,P320,Toys,Supplier C,Bangalore,TV,2025-05-29,0,1753.18,4,7,0.5466159702063862
O11819,P706,Clothing,Supplier B,Hyderabad,Website Banner,2025-05-27,0,1087.45,3,8,0.5820222225816208
O11821,P161,Toys,Supplier B,Bangalore,Website Banner,2025-04-15,0,1377.08,3,5,0.5757490437503671
O11830,P690,Home,Supplier B,Mumbai,Website Banner,2025-04-24,0,1782.4,2,7,0.5855913134871654
O11831,P297,Clothing,Supplier A,Chennai,Website Banner,2025-04-30,1,1662.96,3,1,0.557983669451358
O11832,P780,Clothing,Supplier A,Chennai,Email,2025-06-02,0,1396.64,2,7,0.5452713940117072
O11833,P610,Clothing,Supplier B,Chennai,TV,2025-04-02,0,810.44,4,4,0.5290549197365824
O11838,P284,Home,Supplier A,Mumbai,Email,2025-05-24,0,1340.78,2,9,0.5348249767555291
O11839,P769,Electronics,Supplier B,Mumbai,Website Banner,2025-06-23,0,715.46,3,6,0.5478829764756133
O11840,P194,Toys,Supplier B,Chennai,Social Media,2025-06-21,1,1575.64,2,1,0.5265337281404502
O11841,P874,Electronics,Supplier C,Mumbai,Website Banner,2025-05-02,0,1171.31,1,6,0.5236254664288299
O11843,P283,Home,Supplier B,Chennai,TV,2025-06-04,0,1147.74,4,4,0.544214270737967
O11844,P887,Books,Supplier A,Mumbai,TV,2025-05-04,0,912.33,3,8,0.5112664759441323
O11846,P684,Electronics,Supplier A,Bangalore,Social Media,2025-06-04,0,1714.73,4,5,0.5407060789308482
O11847,P279,Clothing,Supplier A,Bangalore,TV,2025-04-26,0,219.85,4,8,0.5420322143467057
O11848,P750,Toys,Supplier C,Bangalore,TV,2025-04-28,0,761.83,1,8,0.5290825736076609
O11851,P152,Electronics,Supplier B,Chennai,TV,2025-04-15,0,734.77,3,5,0.5422422011176141
O11852,P571,Electronics,Supplier A,Hyderabad,Website Banner,2025-04-23,0,297.69,3,8,0.5815862048774931
O11855,P778,Books,Supplier C,Bangalore,Website Banner,2025-04-06,0,1463.08,3,7,0.5068698098724949
O11859,P415,Electronics,Supplier A,Hyderabad,TV,2025-04-16,0,1813.83,3,4,0.5328099088639597
O11865,P826,Home,Supplier B,Bangalore,Website Banner,2025-06-24,0,583.5,2,8,0.5744420479570346
O11869,P490,Electronics,Supplier C,Chennai,Email,2025-05-20,0,254.61,2,9,0.5034526588765544
O11871,P118,Books,Supplier B,Chennai,Website Banner,2025-04-15,0,1322.53,4,9,0.5976284462212632
O11872,P320,Home,Supplier B,Mumbai,Social Media,2025-05-27,0,1205.67,1,6,0.5189345113118567
O11873,P349,Electronics,Supplier A,Bangalore,Website Banner,2025-05-21,1,307.12,4,2,0.5082909728527544
O11876,P206,Electronics,Supplier A,Chennai,TV,2025-04-10,0,837.64,3,3,0.5332504717557046
O11877,P236,Toys,Supplier A,Hyderabad,TV,2025-04-27,0,1390.98,2,1,0.5033283581425192
O11878,P773,Clothing,Supplier C,Hyderabad,Website Banner,2025-06-06,1,1999.09,3,8,0.5731332600532298
O11880,P760,Home,Supplier A,Hyderabad,Social Media,2025-06-08,0,1236.95,2,8,0.5657657361712294
O11881,P862,Toys,Supplier B,Chennai,TV,2025-05-29,1,1453.59,4,1,0.5317883296283045
O11882,P663,Books,Supplier A,Hyderabad,Social Media,2025-05-05,0,496.33,2,9,0.5132605226002046
O11883,P171,Electronics,Supplier B,Chennai,TV,2025-04-06,0,467.61,1,9,0.581310386589128
O11884,P326,Electronics,Supplier B,Mumbai,Email,2025-04-03,1,1021.35,2,9,0.5109679643659853
O11885,P623,Electronics,Supplier A,Chennai,Website Banner,2025-06-23,0,894.46,4,3,0.5715122010747474
O11888,P925,Toys,Supplier C,Delhi,Website Banner,2025-05-29,1,1949.9,2,6,0.5287371880068437
O11890,P817,Home,Supplier A,Bangalore,TV,2025-04-10,1,1282.37,4,4,0.524174840031158
O11891,P857,Home,Supplier A,Bangalore,Website Banner,2025-04-14,0,1212.74,3,6,0.5800195986911615
O11894,P404,Electronics,Supplier A,Mumbai,Email,2025-05-07,0,1626.82,1,8,0.5243078091593051
O11898,P604,Clothing,Supplier A,Bangalore,Social Media,2025-06-23,0,838.99,1,9,0.5588543415452557
O11899,P916,Toys,Supplier A,Chennai,Email,2025-04-18,0,330.58,4,9,0.5743257825407828
O11901,P678,Books,Supplier A,Mumbai,Website Banner,2025-04-27,1,1685.35,1,8,0.560149127350768
O11902,P715,Clothing,Supplier C,Bangalore,Website Banner,2025-06-05,1,748.78,2,6,0.5156502608538892
O11904,P954,Toys,Supplier A,Mumbai,Social Media,2025-05-08,1,336.53,1,7,0.5425367393642889
O11906,P832,Clothing,Supplier B,Hyderabad,Website Banner,2025-04-06,0,1006.81,3,3,0.5177449031526856
O11908,P104,Toys,Supplier C,Bangalore,Website Banner,2025-04-25,1,1023.76,3,9,0.5866530251512689
O11913,P812,Home,Supplier C,Chennai,TV,2025-05-15,0,1703.55,3,5,0.5370819218685662
O11916,P577,Books,Supplier A,Chennai,TV,2025-05-27,0,417.8,3,6,0.5158496887145405
O11919,P573,Toys,Supplier B,Chennai,Social Media,2025-04-22,0,1268.97,1,7,0.5917046809494309
O11920,P623,Electronics,Supplier C,Chennai,Social Media,2025-06-11,1,1361.92,1,9,0.5683125130573337
O11922,P117,Home,Supplier A,Delhi,Website Banner,2025-06-01,0,340.11,1,5,0.5020814299449929
O11924,P646,Toys,Supplier A,Delhi,Website Banner,2025-06-05,0,1439.78,2,7,0.573281384072705
O11932,P848,Toys,Supplier C,Chennai,Email,2025-06-25,1,978.68,3,8,0.5308834360770495
O11933,P713,Home,Supplier C,Chennai,Website Banner,2025-06-24,1,1105.88,2,6,0.568033457272353
O11935,P370,Toys,Supplier A,Mumbai,Social Media,2025-05-17,1,732.91,3,9,0.5810189375555556
O11941,P580,Electronics,Supplier B,Mumbai,Social Media,2025-06-11,0,577.6,3,7,0.5184315727997733
O11943,P890,Toys,Supplier B,Hyderabad,Email,2025-05-10,1,1036.5,4,9,0.5415367157658314
O11944,P571,Clothing,Supplier C,Chennai,Email,2025-04-29,0,1308.1,3,8,0.5135134509818348
O11945,P677,Electronics,Supplier B,Chennai,Social Media,2025-05-31,0,371.08,1,7,0.5505509496122919
O11946,P767,Home,Supplier A,Bangalore,TV,2025-06-04,1,1910.96,2,3,0.5221424602736492
O11953,P162,Clothing,Supplier C,Bangalore,Website Banner,2025-06-16,0,1257.52,3,4,0.5047544062275664
O11954,P215,Toys,Supplier B,Mumbai,Website Banner,2025-04-29,0,310.96,2,6,0.5565528005589118
O11955,P703,Toys,Supplier A,Delhi,Social Media,2025-04-23,0,1925.38,4,9,0.5755362554915304
O11956,P194,Toys,Supplier B,Mumbai,TV,2025-05-02,0,455.48,1,6,0.5228752153910081
O11958,P253,Toys,Supplier A,Bangalore,Website Banner,2025-05-28,0,1680.53,2,1,0.5445162954307567
O11961,P694,Home,Supplier B,Bangalore,TV,2025-04-02,0,1356.16,1,8,0.5558411244334478
O11964,P615,Toys,Supplier A,Mumbai,Social Media,2025-05-28,0,657.52,2,3,0.5020235896415396
O11968,P951,Clothing,Supplier B,Hyderabad,Website Banner,2025-06-21,1,712.3,4,8,0.5754471378601452
O11969,P871,Clothing,Supplier A,Mumbai,TV,2025-05-11,0,854.07,2,6,0.5230637448340522
O11972,P627,Clothing,Supplier C,Chennai,Website Banner,2025-06-26,1,510.3,4,9,0.5883833686662743
O11974,P520,Clothing,Supplier C,Chennai,TV,2025-06-02,0,1512.97,1,5,0.5209857494828952
O11977,P557,Toys,Supplier C,Bangalore,Website Banner,2025-04-17,0,609.28,1,6,0.5353274049956434
O11979,P203,Home,Supplier A,Mumbai,TV,2025-06-29,0,237.68,3,6,0.5177753473443641
O11980,P660,Toys,Supplier A,Delhi,Social Media,2025-06-29,0,1287.41,3,5,0.5082235449600389
O11981,P545,Toys,Supplier A,Hyderabad,Social Media,2025-04-19,0,1407.27,3,5,0.5524289347163073
O11983,P818,Electronics,Supplier B,Hyderabad,TV,2025-06-06,1,328.38,3,7,0.5215338650042202
O11985,P479,Home,Supplier B,Chennai,Website Banner,2025-04-04,1,578.7,2,7,0.5980668898967931
O11987,P933,Clothing,Supplier A,Hyderabad,Social Media,2025-05-07,0,1615.78,1,9,0.5777634922937881
O11988,P799,Electronics,Supplier A,Delhi,TV,2025-06-21,0,486.9,3,8,0.5101465958100643
O11991,P522,Electronics,Supplier B,Mumbai,Social Media,2025-05-17,0,949.51,4,6,0.5168884138608806
O11992,P258,Home,Supplier A,Hyderabad,Email,2025-05-20,1,1011.63,3,8,0.521879408287899
O11993,P828,Toys,Supplier B,Delhi,TV,2025-04-07,0,1688.43,2,7,0.530815892137954
O11994,P500,Clothing,Supplier C,Bangalore,Website Banner,2025-05-20,0,376.41,3,8,0.5341638154059112
O11997,P471,Electronics,Supplier C,Chennai,TV,2025-05-07,1,757.96,3,7,0.5372153831796374
O11998,P262,Books,Supplier B,Chennai,Website Banner,2025-04-28,0,1878.58,4,2,0.5238087974215098
O11999,P224,Home,Supplier A,Hyderabad,Social Media,2025-04-01,0,647.24,4,5,0.5186286600235261
